Timestamp,Sensor_ID,Temperature,Pressure,Vibration,Network_Latency,Edge_Processing_Time,Maintenance_Status,Fuzzy_PID_Output,Predicted_Failure
4/3/2024 0:00,S4,97.2847313,111.4897016,22.19244686,31.29167504,4.135728963,Normal,0.98,0
4/3/2024 0:05,S5,82.60532734,92.16253008,38.67029794,14.13060036,12.1810986,Failure,0.66,1
4/3/2024 0:10,S3,87.86603296,92.13770183,49.4353351,16.90095508,3.592472206,Failure,0.55,1
4/3/2024 0:15,S5,96.89997525,90.36325426,25.70322949,32.71897189,10.25378657,Normal,0.76,0
4/3/2024 0:20,S5,88.28954537,118.6950419,43.77785349,21.85430454,3.609998347,Normal,0.53,1
4/3/2024 0:25,S2,66.10156172,112.1252508,47.23696381,47.53262915,2.916963289,Normal,0.56,1
4/3/2024 0:30,S3,83.05153441,100.5975423,48.31104778,42.74960918,13.82258355,Normal,0.61,1
4/3/2024 0:35,S3,84.26860186,98.89606744,48.80406813,49.34268826,4.471673962,Warning,0.73,0
4/3/2024 0:40,S3,76.96522685,100.4910969,35.64378916,20.38683356,12.67625201,Normal,0.72,0
4/3/2024 0:45,S5,89.45776942,113.2396059,49.31923724,48.78894531,9.080201324,Normal,0.9,0
4/3/2024 0:50,S4,97.37468059,109.8411183,42.71930621,27.24935479,3.012134755,Normal,0.87,0
4/3/2024 0:55,S3,97.02274052,95.55586704,24.85014309,23.90075181,14.42082649,Failure,0.71,1
4/3/2024 1:00,S5,78.03357486,95.22328006,34.30700319,12.01398108,5.210495171,Normal,0.67,1
4/3/2024 1:05,S2,64.52952183,92.95186949,41.54993526,12.11061031,13.17538949,Normal,0.66,1
4/3/2024 1:10,S4,99.39364796,109.8090816,27.42020947,37.68045024,4.194530075,Normal,0.89,0
4/3/2024 1:15,S2,93.55592346,112.9311799,39.21845551,28.31715978,13.10125747,Failure,0.53,1
4/3/2024 1:20,S4,64.98650725,97.95139285,39.99801437,19.06086504,2.171974568,Warning,0.51,1
4/3/2024 1:25,S5,96.8336753,90.62834883,24.88099231,34.55881225,8.653145935,Normal,0.9,0
4/3/2024 1:30,S1,94.79585448,92.46515002,36.95255937,20.11432473,12.00275353,Normal,0.74,0
4/3/2024 1:35,S4,80.75352229,119.035801,43.14880733,33.10527017,14.15234173,Normal,0.57,1
4/3/2024 1:40,S2,83.65101743,98.86334332,34.96686994,24.36834988,13.81962777,Normal,0.62,1
4/3/2024 1:45,S5,75.96010815,113.0766944,20.3630935,42.94208906,12.6551233,Normal,0.97,0
4/3/2024 1:50,S4,62.19046555,108.7399071,20.27115407,42.82784643,13.54648755,Failure,0.93,1
4/3/2024 1:55,S1,73.40788967,101.4581892,30.71088032,29.09401592,4.589855916,Normal,0.85,0
4/3/2024 2:00,S1,92.11413794,96.17061787,47.78582205,24.03276437,5.694395844,Warning,0.74,0
4/3/2024 2:05,S3,60.18528092,93.64159254,26.86030339,24.50239186,5.756590824,Normal,0.76,0
4/3/2024 2:10,S3,73.33996687,108.450389,39.03091067,42.22858103,6.901701103,Warning,0.99,0
4/3/2024 2:15,S2,75.92674774,113.2390134,26.66227612,23.12717931,7.113168715,Warning,0.98,0
4/3/2024 2:20,S4,81.49582412,109.3171276,29.65009969,18.36237495,9.079219221,Normal,0.61,1
4/3/2024 2:25,S4,96.79422466,105.909064,45.44126269,13.38753368,4.078436924,Normal,0.91,0
4/3/2024 2:30,S3,73.85383977,91.2585367,41.86584327,28.66772484,10.98620663,Normal,0.6,1
4/3/2024 2:35,S4,73.87812808,119.0546633,22.86197832,29.28528396,4.178365011,Normal,0.61,1
4/3/2024 2:40,S4,89.50004992,113.9614257,32.86106063,43.63634842,6.034010267,Normal,0.84,0
4/3/2024 2:45,S1,78.08871764,98.7846611,20.87509291,18.84954786,8.543486698,Normal,0.7,0
4/3/2024 2:50,S3,68.98419292,119.3991099,34.4267044,25.23965095,12.3537273,Failure,0.97,1
4/3/2024 2:55,S5,78.09758065,108.0564477,39.87302035,42.33622956,11.61310003,Normal,0.54,1
4/3/2024 3:00,S3,65.63428082,107.4726797,23.55507871,42.94494443,10.39194663,Warning,0.76,0
4/3/2024 3:05,S5,67.05547946,112.4421954,28.66654817,25.38444304,4.025052388,Normal,0.96,0
4/3/2024 3:10,S1,79.93471091,114.3530936,31.93509877,28.36496093,9.111589493,Warning,0.95,0
4/3/2024 3:15,S2,76.75701798,109.6943582,47.58593074,22.13143563,3.136804523,Normal,0.58,1
4/3/2024 3:20,S4,96.59383604,93.84287239,49.79765046,47.30219514,6.905721298,Warning,0.68,1
4/3/2024 3:25,S1,74.49575596,100.1480252,21.34733897,14.74575063,7.375714894,Normal,0.81,0
4/3/2024 3:30,S4,83.22353401,117.8425092,42.8302377,47.34997692,2.517548713,Normal,0.58,1
4/3/2024 3:35,S2,85.29057152,96.73846836,31.15172199,37.35465807,5.561845293,Normal,0.98,0
4/3/2024 3:40,S2,60.52377826,101.1650107,31.77374559,31.26288611,14.42344307,Normal,0.96,0
4/3/2024 3:45,S1,86.54149488,102.9623065,42.6279492,11.30636243,14.3972239,Normal,0.58,1
4/3/2024 3:50,S2,67.12143867,103.1821497,47.55279296,29.02384767,6.580251705,Normal,0.56,1
4/3/2024 3:55,S5,98.4428127,108.3881875,48.52785784,26.3099242,2.560301416,Normal,0.54,1
4/3/2024 4:00,S2,65.94650911,118.2922751,37.31367758,16.44875248,4.328234211,Warning,0.95,0
4/3/2024 4:05,S4,76.58496495,97.22078135,30.71363478,36.25638414,7.098831315,Normal,0.6,1
4/3/2024 4:10,S4,63.41398672,93.64504129,43.62647258,48.84603629,14.32113607,Normal,0.71,0
4/3/2024 4:15,S4,99.87497007,95.9241147,27.5300415,32.48755244,3.835587826,Warning,0.72,0
4/3/2024 4:20,S4,80.08780041,116.607747,36.92222087,38.59013106,11.92570597,Normal,0.8,0
4/3/2024 4:25,S5,83.81540069,109.3743244,30.75735385,12.7380181,3.412873012,Normal,0.54,1
4/3/2024 4:30,S3,62.6830591,98.57720368,39.69893221,26.70667983,14.75634851,Normal,0.61,1
4/3/2024 4:35,S1,89.99841882,114.4784082,27.21196739,14.65433941,6.961014488,Failure,0.97,1
4/3/2024 4:40,S4,68.39622372,115.8410999,25.74778837,34.51183342,12.07804901,Warning,0.95,0
4/3/2024 4:45,S2,95.92217158,115.3954302,47.5471726,47.53928633,6.453684077,Warning,0.89,0
4/3/2024 4:50,S4,68.20558562,117.567796,23.05411049,36.4711093,10.1596954,Normal,0.51,1
4/3/2024 4:55,S2,67.62750883,97.56723061,35.17873723,13.07212193,4.496209102,Warning,0.66,1
4/3/2024 5:00,S2,61.46198671,112.6512579,26.62558349,24.1866482,3.898273251,Normal,0.81,0
4/3/2024 5:05,S4,78.8826778,103.8161849,21.1678989,32.02653518,14.19483381,Normal,0.64,1
4/3/2024 5:10,S5,82.59364533,115.2599566,21.08056455,26.12831025,13.92941461,Normal,0.95,0
4/3/2024 5:15,S2,62.62834558,111.8547203,25.25665316,43.34576042,13.53709622,Normal,0.82,0
4/3/2024 5:20,S2,91.02110467,113.2934234,46.00311064,42.58684019,10.13063485,Normal,0.54,1
4/3/2024 5:25,S4,78.13155339,109.6848551,28.47436232,34.4732408,12.50748675,Normal,0.95,0
4/3/2024 5:30,S2,80.97561077,95.32286308,48.51377512,24.93831781,2.89748018,Normal,0.98,0
4/3/2024 5:35,S2,77.63050988,106.3508076,37.44866879,20.21345495,6.352257545,Normal,0.54,1
4/3/2024 5:40,S4,76.03052244,119.5400922,33.09842569,14.23497273,6.078140622,Warning,0.77,0
4/3/2024 5:45,S4,82.38561325,118.121642,37.40266504,24.19590734,10.26338919,Normal,0.65,1
4/3/2024 5:50,S1,66.20960984,91.29521207,35.50095156,26.52690069,6.627451055,Warning,0.7,0
4/3/2024 5:55,S5,67.27712522,94.94444447,42.76328761,37.032917,3.930588161,Normal,0.59,1
4/3/2024 6:00,S5,94.47142484,93.9518632,28.47488198,36.32639297,9.75407198,Warning,0.79,0
4/3/2024 6:05,S2,97.84461849,111.7793973,30.59151175,12.80432559,12.58699097,Normal,0.98,0
4/3/2024 6:10,S5,74.93237265,114.5335599,46.82282908,25.81037262,6.967605428,Normal,0.75,0
4/3/2024 6:15,S2,70.82978693,96.40534099,48.39369539,17.27115469,3.719493296,Normal,0.54,1
4/3/2024 6:20,S1,85.75998173,105.1755808,46.77674682,16.27250821,4.556946565,Normal,0.81,0
4/3/2024 6:25,S4,76.34936684,115.2210908,32.58343982,43.09208599,5.087282967,Warning,0.67,1
4/3/2024 6:30,S4,61.01545423,111.9840463,43.41096509,11.67660867,5.898668709,Normal,0.93,0
4/3/2024 6:35,S4,66.24610389,106.2671162,34.290072,26.76731504,10.35633592,Normal,0.72,0
4/3/2024 6:40,S5,88.63888915,107.7104307,34.92619556,16.72814623,9.812291299,Warning,0.6,1
4/3/2024 6:45,S1,86.35695768,105.2508164,26.14040327,45.17320863,11.0490382,Normal,0.6,1
4/3/2024 6:50,S5,61.0838397,98.92645354,37.7339091,32.28162053,6.712525799,Normal,0.88,0
4/3/2024 6:55,S5,68.87888648,106.9506598,25.58407693,19.25522546,12.71196947,Normal,0.63,1
4/3/2024 7:00,S1,69.24299186,110.6665591,29.94694097,30.09709149,4.653139595,Normal,0.88,0
4/3/2024 7:05,S1,86.87570974,116.1996875,45.65090605,39.25945439,8.097529718,Normal,0.6,1
4/3/2024 7:10,S1,60.78842151,109.0887406,26.21227428,48.32472036,12.41220338,Normal,0.66,1
4/3/2024 7:15,S1,64.16434328,112.8336461,22.13474856,18.81784017,4.342062421,Failure,0.73,1
4/3/2024 7:20,S4,91.99664341,94.80214905,22.07022778,45.44727089,3.428220479,Normal,0.97,0
4/3/2024 7:25,S3,67.14178648,103.8467242,48.22353562,47.37216457,13.48789158,Normal,0.97,0
4/3/2024 7:30,S3,86.10984431,90.27994859,35.20761314,46.65682178,6.458085616,Normal,0.6,1
4/3/2024 7:35,S1,69.52731124,97.40036594,32.28236215,35.41657427,10.89031162,Failure,0.68,1
4/3/2024 7:40,S3,63.97765571,111.7938515,44.32635743,35.19282618,2.329531855,Warning,0.57,1
4/3/2024 7:45,S3,69.72688764,119.7542985,45.07477784,26.12842533,10.97060955,Normal,0.75,0
4/3/2024 7:50,S1,88.89067727,92.97534299,29.96573099,40.09591529,6.10931705,Warning,0.73,0
4/3/2024 7:55,S3,94.22785872,102.0448295,40.80854172,31.25176073,2.724631097,Normal,0.95,0
4/3/2024 8:00,S5,93.20879458,114.0021291,43.13368448,37.09752285,9.9275659,Normal,0.97,0
4/3/2024 8:05,S2,75.88734118,96.12106904,39.63952061,27.13831615,5.130449609,Normal,0.69,1
4/3/2024 8:10,S2,86.72340546,106.6525485,24.54785224,39.25985856,7.028494147,Normal,0.75,0
4/3/2024 8:15,S1,68.19937182,111.9921389,46.27649251,42.9788607,3.04755056,Normal,0.95,0
4/3/2024 8:20,S4,71.72590921,108.4795635,36.17283658,15.85745026,3.913122264,Failure,0.9,1
4/3/2024 8:25,S1,95.85343274,95.64074204,28.47417279,43.31718862,5.873704061,Normal,0.5,1
4/3/2024 8:30,S4,60.52007694,100.6615371,32.75684556,31.61186127,3.166873507,Failure,0.66,1
4/3/2024 8:35,S2,63.42034123,113.5137535,21.12713271,43.78663636,13.84074144,Normal,0.71,0
4/3/2024 8:40,S1,68.31545021,106.6267954,23.83600404,27.25206825,2.078611561,Normal,0.61,1
4/3/2024 8:45,S5,61.06128815,90.15688841,42.96640252,25.16161942,8.290182845,Normal,0.6,1
4/3/2024 8:50,S3,67.2574174,112.8297228,20.00034904,46.6024293,3.602216956,Normal,0.52,1
4/3/2024 8:55,S4,83.32166244,91.05934065,32.49697485,20.0467707,5.999828163,Normal,0.82,0
4/3/2024 9:00,S3,76.85698202,112.3720135,35.67530543,43.76849301,14.03877428,Normal,0.63,1
4/3/2024 9:05,S3,95.70686844,96.0744168,21.6390326,29.3608229,4.102029193,Normal,0.53,1
4/3/2024 9:10,S1,92.69774247,118.7422044,49.19234489,30.5638177,14.55582016,Normal,0.62,1
4/3/2024 9:15,S3,73.67269407,101.0382225,26.78375994,22.33873126,4.675326901,Warning,0.9,0
4/3/2024 9:20,S5,70.37693734,99.80794849,29.12596159,32.92168802,11.64035941,Normal,0.93,0
4/3/2024 9:25,S3,75.18769633,94.46664151,29.11827537,23.00844785,9.106804444,Normal,0.74,0
4/3/2024 9:30,S1,83.6117977,99.16812646,26.91249986,11.57077657,13.49822346,Normal,0.71,0
4/3/2024 9:35,S5,70.72254563,116.2995229,20.04421466,20.87994421,9.201912322,Failure,0.99,1
4/3/2024 9:40,S2,84.96595631,119.8900301,41.88034382,10.25516174,8.949269849,Warning,0.6,1
4/3/2024 9:45,S3,76.37646609,101.0492859,49.00536499,49.13419148,4.540954005,Normal,0.61,1
4/3/2024 9:50,S1,82.08188723,103.4583189,26.7288045,48.62988839,4.160981707,Normal,0.65,1
4/3/2024 9:55,S2,77.44506117,111.6621281,39.89141575,25.8062119,13.91435896,Normal,0.59,1
4/3/2024 10:00,S2,71.77863038,116.5858734,42.25688981,39.13483417,6.261896585,Failure,0.69,1
4/3/2024 10:05,S4,97.93813228,107.79133,45.45276137,23.83224394,6.837069315,Normal,0.96,0
4/3/2024 10:10,S5,90.54423177,101.7457709,32.67887591,36.84372628,11.87770756,Normal,0.81,0
4/3/2024 10:15,S3,65.60452703,102.3786552,29.08792717,42.21720172,6.404705271,Normal,0.71,0
4/3/2024 10:20,S1,94.73871904,110.8685444,29.75885402,47.87024979,14.37681181,Normal,0.97,0
4/3/2024 10:25,S4,79.49724793,90.09654791,41.37863999,26.00849103,11.593061,Failure,0.52,1
4/3/2024 10:30,S5,95.78208908,108.5876801,44.503384,41.33191932,9.766580153,Normal,0.61,1
4/3/2024 10:35,S4,91.99421024,100.6647903,25.44841903,20.63713803,13.45163709,Normal,0.78,0
4/3/2024 10:40,S5,77.00854018,113.8259199,31.12823024,49.61329215,2.644876809,Normal,0.81,0
4/3/2024 10:45,S5,60.89877233,92.78971919,47.0582059,11.03078395,5.341814998,Warning,0.52,1
4/3/2024 10:50,S3,70.74709438,107.646068,44.20080559,34.14115226,8.045472345,Warning,0.7,0
4/3/2024 10:55,S5,81.66536859,104.4291867,49.54575208,36.38023927,4.950721013,Normal,0.82,0
4/3/2024 11:00,S4,85.33912879,109.2697658,42.62744779,37.52182228,11.67076743,Normal,0.85,0
4/3/2024 11:05,S5,70.31550742,91.94560783,31.79585603,14.81550315,13.9497044,Warning,0.82,0
4/3/2024 11:10,S3,65.57424296,107.3995136,37.71913502,47.54119134,7.509011559,Normal,0.66,1
4/3/2024 11:15,S3,93.39720947,106.8445376,39.83042763,17.24733116,6.447723801,Normal,0.55,1
4/3/2024 11:20,S4,99.37608723,106.8198028,22.35367449,34.91013613,14.50015952,Normal,0.71,0
4/3/2024 11:25,S2,81.02760729,108.10463,36.33490877,18.90704316,7.783081627,Failure,0.56,1
4/3/2024 11:30,S2,66.86717143,110.2940381,41.27962485,22.28865668,8.357629206,Normal,0.97,0
4/3/2024 11:35,S5,70.89229306,114.14967,25.01963912,31.85834167,6.57144834,Warning,0.74,0
4/3/2024 11:40,S1,60.73562706,98.0946216,43.41895152,26.68773674,13.82413015,Normal,0.66,1
4/3/2024 11:45,S5,96.57195226,114.7514823,37.51318342,16.40902404,9.396421283,Normal,0.88,0
4/3/2024 11:50,S4,64.71004332,104.9476705,48.56665357,16.8374561,11.90826963,Normal,0.75,0
4/3/2024 11:55,S4,83.06065902,92.31174837,21.27266895,26.72579153,12.55348734,Normal,0.66,1
4/3/2024 12:00,S4,70.96220883,91.75652788,27.95978413,40.29131913,6.444037545,Normal,0.91,0
4/3/2024 12:05,S4,82.1671201,100.0271496,38.04661638,45.91858587,7.638026307,Normal,0.93,0
4/3/2024 12:10,S4,86.05681553,113.5469093,28.89679737,13.36510649,13.03013307,Normal,0.84,0
4/3/2024 12:15,S3,93.18967215,111.230428,41.43272492,25.7241563,6.722319572,Warning,0.52,1
4/3/2024 12:20,S2,68.25685087,113.6584489,42.77015848,14.00982255,12.32115673,Failure,0.78,1
4/3/2024 12:25,S4,60.43983315,105.5180717,23.07547892,10.66369923,14.23290019,Normal,0.88,0
4/3/2024 12:30,S1,65.4754252,103.2059699,35.41563393,36.46874731,10.10173485,Normal,0.57,1
4/3/2024 12:35,S1,96.00074567,94.4235758,35.26671667,34.09797768,11.64115474,Normal,0.61,1
4/3/2024 12:40,S1,94.9556031,99.84578261,31.07842311,16.52076455,12.46626506,Normal,0.94,0
4/3/2024 12:45,S1,83.89652409,103.020581,47.98774588,19.35251332,12.98551544,Warning,0.51,1
4/3/2024 12:50,S3,84.02067442,92.65801289,44.8251896,10.94831015,7.135693392,Normal,0.88,0
4/3/2024 12:55,S1,86.60146698,96.61835858,40.91628146,43.39788823,2.666424969,Normal,0.74,0
4/3/2024 13:00,S4,67.01485114,107.9467588,41.42979907,48.98762384,7.224391526,Warning,0.72,0
4/3/2024 13:05,S5,96.57647784,112.0698934,33.85148431,15.41838147,10.75883099,Normal,0.5,1
4/3/2024 13:10,S1,76.750821,119.9504253,47.62983563,19.25900855,7.854555015,Normal,0.91,0
4/3/2024 13:15,S3,75.32554113,117.9933999,40.83786282,44.73638096,11.73652096,Normal,0.68,1
4/3/2024 13:20,S3,80.75670821,109.276956,41.86943185,47.05855192,6.640771583,Normal,0.77,0
4/3/2024 13:25,S1,61.87863867,102.6374416,45.85072711,26.78509531,10.25167383,Normal,0.84,0
4/3/2024 13:30,S5,66.65133475,109.0853209,28.22214768,12.02489889,4.423457463,Warning,0.85,0
4/3/2024 13:35,S1,89.52134466,113.5695485,44.21212712,11.57567335,11.74180268,Warning,0.98,0
4/3/2024 13:40,S3,63.31194672,93.55008573,25.85721809,32.95799464,9.094047595,Normal,0.77,0
4/3/2024 13:45,S2,84.12608438,102.2971467,30.36025857,25.71580436,4.652837051,Failure,0.7,1
4/3/2024 13:50,S4,69.81396439,115.1940686,30.06831363,11.1460971,5.794845255,Normal,0.98,0
4/3/2024 13:55,S3,75.57182456,101.5149886,49.35576405,33.33009569,11.73191321,Warning,0.82,0
4/3/2024 14:00,S1,71.54774947,107.1561681,45.69611671,10.45210146,8.273816064,Normal,0.65,1
4/3/2024 14:05,S4,74.22690866,107.6330808,41.03509585,41.49487833,4.808408725,Warning,0.56,1
4/3/2024 14:10,S1,88.76183621,95.53428759,41.81170285,22.25731291,14.57452547,Failure,0.92,1
4/3/2024 14:15,S1,71.88486862,100.8670632,36.86218383,11.61032012,11.29662526,Normal,0.68,1
4/3/2024 14:20,S2,82.65618561,100.0353387,48.41272001,33.53408884,14.44275282,Failure,0.83,1
4/3/2024 14:25,S4,79.04201609,90.78590126,34.88776259,25.90737658,7.55236559,Warning,0.74,0
4/3/2024 14:30,S4,86.54684661,90.72575292,31.4155313,48.95201653,8.176304429,Warning,0.6,1
4/3/2024 14:35,S2,97.47318957,114.9509113,24.89106011,31.7679465,13.67341781,Normal,0.8,0
4/3/2024 14:40,S3,89.30288389,98.1921243,43.58616957,21.00956724,8.825641423,Warning,0.53,1
4/3/2024 14:45,S1,68.59761514,105.542363,42.03331796,38.37755459,11.19462585,Warning,0.71,0
4/3/2024 14:50,S5,61.2473254,98.96176721,31.53065116,20.8596801,5.278247407,Normal,0.77,0
4/3/2024 14:55,S1,70.49056177,118.2203774,20.75580242,46.16973166,7.807444093,Failure,0.72,1
4/3/2024 15:00,S1,83.80311723,97.77890277,45.16991983,24.98887882,3.604848256,Normal,0.87,0
4/3/2024 15:05,S3,62.05703254,102.8897044,20.3425395,31.99474251,4.677740466,Normal,0.91,0
4/3/2024 15:10,S1,79.85464989,116.1819075,41.11099339,12.02292415,2.012264398,Normal,0.89,0
4/3/2024 15:15,S2,83.87371396,115.258007,49.10771329,27.04484952,2.510445671,Normal,0.52,1
4/3/2024 15:20,S2,73.36975563,95.58304254,33.12983984,43.29454159,14.7046897,Normal,0.6,1
4/3/2024 15:25,S4,90.83648815,114.0792993,27.04920215,42.22595221,5.150598037,Normal,0.77,0
4/3/2024 15:30,S5,64.26393013,103.7456066,41.1461303,18.97274235,10.62303922,Failure,0.97,1
4/3/2024 15:35,S1,63.00551127,104.4890662,44.51384426,19.04316284,12.90829608,Normal,0.92,0
4/3/2024 15:40,S1,89.12755025,94.00439917,36.39290948,42.69221249,9.15858597,Normal,0.92,0
4/3/2024 15:45,S3,79.81965265,92.41804541,49.01105826,47.21593681,3.990878501,Normal,0.65,1
4/3/2024 15:50,S2,87.53609586,111.8381792,21.55006165,13.81443685,11.46551369,Normal,0.71,0
4/3/2024 15:55,S5,77.39309354,104.8938346,35.14386795,28.00234558,9.803268331,Failure,0.74,1
4/3/2024 16:00,S4,69.85608133,103.1055211,41.55361842,23.49817116,11.50625766,Normal,0.58,1
4/3/2024 16:05,S2,92.76409271,111.8852469,45.87921413,44.82753822,12.0067061,Warning,0.52,1
4/3/2024 16:10,S4,91.97663516,112.965387,25.37766836,13.34099659,14.68033478,Normal,0.97,0
4/3/2024 16:15,S3,87.78785883,94.76724503,44.00010445,18.4450377,9.45632264,Normal,0.62,1
4/3/2024 16:20,S3,70.88580549,108.3067545,36.58121227,40.0987335,6.441334465,Normal,0.62,1
4/3/2024 16:25,S1,83.60922667,94.06062247,31.89661046,12.05175396,10.43003924,Normal,0.54,1
4/3/2024 16:30,S5,74.43895588,112.5412526,23.95145086,29.70141523,2.88972922,Normal,0.96,0
4/3/2024 16:35,S4,63.66328293,109.7086547,45.95887277,27.68428139,13.66616514,Normal,0.79,0
4/3/2024 16:40,S2,96.69254302,118.6984386,24.71819625,23.37604716,3.551953147,Normal,0.83,0
4/3/2024 16:45,S3,65.47274524,92.06874049,29.29363578,25.78289261,6.261956893,Warning,0.96,0
4/3/2024 16:50,S1,98.00949415,91.71164163,28.70136596,31.19762348,12.60468995,Normal,0.67,1
4/3/2024 16:55,S1,77.84023092,98.46561224,46.14242103,16.45469434,9.765060918,Normal,0.81,0
4/3/2024 17:00,S4,67.40531715,97.85117051,40.18108983,32.87983513,7.117261764,Normal,0.52,1
4/3/2024 17:05,S3,81.6760379,97.40936397,43.90044192,42.21729317,8.154663572,Normal,0.59,1
4/3/2024 17:10,S5,94.91783344,117.1876374,27.51403696,40.40643719,13.10911611,Warning,0.92,0
4/3/2024 17:15,S3,89.28899546,97.486386,38.74622299,16.15599619,6.420057019,Normal,0.88,0
4/3/2024 17:20,S4,92.26244591,98.15849178,37.15237949,15.96997879,13.3054459,Normal,0.68,1
4/3/2024 17:25,S4,86.35133467,112.7819479,44.9849113,20.72697471,3.145747603,Failure,0.69,1
4/3/2024 17:30,S3,87.69106258,103.4921953,47.18261181,24.44298905,12.09837968,Normal,0.77,0
4/3/2024 17:35,S4,93.96782606,113.3013167,20.36470314,26.33822326,13.01811923,Normal,0.5,1
4/3/2024 17:40,S3,69.98672035,91.96098473,40.22059757,37.18788867,4.363629487,Normal,0.62,1
4/3/2024 17:45,S2,79.57699855,104.6271358,21.55507397,12.26721729,7.594504921,Normal,0.6,1
4/3/2024 17:50,S3,68.84837767,91.00840801,36.46575995,11.38690817,4.151497071,Warning,0.63,1
4/3/2024 17:55,S3,99.50672032,91.8795961,28.62898187,25.67642252,11.18585368,Warning,0.9,0
4/3/2024 18:00,S4,97.76237359,117.1931236,29.20329799,37.88654769,8.959520985,Failure,0.64,1
4/3/2024 18:05,S4,61.57707245,94.17736113,30.5887551,17.73741372,10.25920351,Normal,0.6,1
4/3/2024 18:10,S1,88.2230069,105.9726205,38.63877347,35.66017925,4.55433057,Normal,0.75,0
4/3/2024 18:15,S1,97.0099327,102.3328681,30.02149897,20.39312552,4.752696207,Warning,0.93,0
4/3/2024 18:20,S2,67.22301381,100.4202998,41.98097152,45.44344435,2.539465232,Normal,0.62,1
4/3/2024 18:25,S1,82.71780922,116.9950004,32.13582157,45.82759777,6.186877958,Normal,0.54,1
4/3/2024 18:30,S3,96.6195319,90.6547019,22.05059601,21.89148817,9.276680597,Normal,0.68,1
4/3/2024 18:35,S4,61.35783914,109.9136906,43.51279527,19.19975016,13.15315388,Normal,0.87,0
4/3/2024 18:40,S1,87.89681069,118.901833,28.57274974,26.45215888,10.67005682,Normal,0.78,0
4/3/2024 18:45,S1,71.89396029,106.8050455,32.98300639,19.62126341,7.660152204,Warning,0.91,0
4/3/2024 18:50,S2,96.97584782,118.1046739,40.5633165,36.89535373,14.39056149,Warning,0.98,0
4/3/2024 18:55,S2,98.84232981,91.56773638,29.97368471,43.04258738,11.35018761,Normal,0.9,0
4/3/2024 19:00,S3,97.77065956,102.5637996,21.69756968,36.92368524,14.09214764,Normal,0.8,0
4/3/2024 19:05,S4,78.96856867,97.80473373,31.21763141,42.97401789,8.858643653,Normal,0.75,0
4/3/2024 19:10,S2,94.48170604,111.9246289,48.33345748,25.87968649,5.365755572,Warning,0.52,1
4/3/2024 19:15,S1,93.78197594,119.4389127,39.25203192,16.25267883,2.686746923,Normal,0.99,0
4/3/2024 19:20,S4,72.76401893,97.69590187,40.14437446,39.5180379,11.43910307,Warning,0.69,1
4/3/2024 19:25,S4,93.15661897,109.625238,38.96846461,24.41898021,3.576938974,Normal,0.58,1
4/3/2024 19:30,S1,61.48030539,95.94292898,25.96976417,36.85083301,5.936076668,Normal,0.83,0
4/3/2024 19:35,S2,83.85079514,106.9599076,32.55001592,20.82575768,8.922121802,Normal,0.64,1
4/3/2024 19:40,S1,69.20035349,103.9179746,42.52819395,13.24918539,9.337415641,Warning,0.79,0
4/3/2024 19:45,S4,64.82267543,119.1601599,23.04118693,49.70327182,9.807581561,Normal,0.79,0
4/3/2024 19:50,S5,63.07812807,108.2558182,28.33558328,16.24806032,4.161319295,Normal,0.72,0
4/3/2024 19:55,S5,87.85155104,100.4851912,28.28957325,49.53683976,6.936586263,Normal,0.92,0
4/3/2024 20:00,S3,73.59499855,93.42287355,32.96056783,49.0911973,10.02352495,Warning,0.63,1
4/3/2024 20:05,S1,88.99067086,94.53740486,49.41106223,41.75272416,14.60764524,Warning,0.72,0
4/3/2024 20:10,S1,62.61425363,96.7595079,22.0250764,36.37691848,11.45920479,Normal,0.77,0
4/3/2024 20:15,S3,72.61161351,97.52899984,35.56102983,33.11228201,13.99384884,Warning,0.83,0
4/3/2024 20:20,S3,81.5796517,115.5184817,25.38094046,44.64406182,11.90875676,Normal,0.89,0
4/3/2024 20:25,S3,91.62892659,106.8366836,49.12029636,21.57758086,9.692320596,Normal,0.7,0
4/3/2024 20:30,S4,72.75010012,105.7017273,23.39910514,28.7072485,4.496303799,Normal,0.82,0
4/3/2024 20:35,S1,85.03565506,93.44306616,32.10803007,34.77559877,10.66691347,Normal,0.58,1
4/3/2024 20:40,S4,95.43910993,115.8041908,42.13654955,26.44761903,10.10393436,Warning,0.97,0
4/3/2024 20:45,S3,84.63452753,111.6844291,41.13663284,27.09945816,9.832099216,Warning,0.69,1
4/3/2024 20:50,S1,69.31837899,92.03005086,32.68185911,23.2113867,8.367216284,Normal,0.86,0
4/3/2024 20:55,S4,60.97603126,111.2350529,30.39572504,32.56927267,8.872535852,Normal,0.51,1
4/3/2024 21:00,S4,94.80395496,106.3061465,31.92837136,44.02298112,6.347752853,Warning,0.6,1
4/3/2024 21:05,S3,60.85077643,92.45176037,27.92828789,18.06113512,8.751065004,Failure,0.74,1
4/3/2024 21:10,S1,94.98806691,103.7490192,26.15998816,47.37732155,4.568226774,Normal,0.94,0
4/3/2024 21:15,S3,81.15748536,104.5408886,34.49119093,37.56350615,12.46726717,Failure,0.76,1
4/3/2024 21:20,S1,97.56270794,94.9732362,28.05601268,42.93092851,4.415100411,Normal,0.96,0
4/3/2024 21:25,S5,91.95132943,118.3709444,28.62384995,32.24762771,3.104561769,Normal,0.74,0
4/3/2024 21:30,S2,99.91736442,115.4992611,39.7026819,41.18066806,7.671198343,Warning,0.75,0
4/3/2024 21:35,S2,74.02847262,110.0706701,49.05611995,10.64801589,10.55799671,Normal,0.56,1
4/3/2024 21:40,S2,90.68753156,103.8688668,38.10911602,42.73521699,7.690318724,Normal,0.9,0
4/3/2024 21:45,S3,76.07723654,102.3529662,22.30938401,11.60555436,5.597803715,Normal,0.62,1
4/3/2024 21:50,S5,79.19502481,109.529204,22.26750842,45.59653505,9.256225391,Warning,0.95,0
4/3/2024 21:55,S1,85.10021853,106.3629561,48.54269663,49.67850989,6.51103036,Warning,0.96,0
4/3/2024 22:00,S4,94.94708457,91.86819318,28.91872371,21.76269849,14.12727997,Normal,0.97,0
4/3/2024 22:05,S1,99.36333877,105.3750795,22.76200958,18.41274225,13.99438681,Normal,0.76,0
4/3/2024 22:10,S4,90.73093655,114.1921085,37.97133761,40.61453455,8.53083366,Normal,0.84,0
4/3/2024 22:15,S1,76.71067129,103.7771963,38.70946335,20.12105364,6.262491922,Normal,0.89,0
4/3/2024 22:20,S5,76.85428009,91.55869733,39.4551446,44.62249533,11.58272138,Normal,0.57,1
4/3/2024 22:25,S4,89.50329206,113.588346,28.02206084,14.11370369,2.477268265,Warning,0.8,0
4/3/2024 22:30,S3,69.55108583,96.04091346,20.45332053,15.03820786,8.171997079,Normal,0.52,1
4/3/2024 22:35,S1,64.41896453,97.75862505,48.95046108,49.1660622,6.372204126,Normal,0.75,0
4/3/2024 22:40,S1,74.18488631,94.9411906,27.52679137,36.95355593,13.96696651,Normal,0.58,1
4/3/2024 22:45,S4,71.48955967,99.90645195,40.28078864,43.87548898,2.156039355,Normal,0.59,1
4/3/2024 22:50,S3,71.85232482,112.7025452,41.1988961,22.97317509,9.186593384,Failure,0.68,1
4/3/2024 22:55,S3,69.34431004,105.5815758,38.30022251,37.05934998,11.62862655,Normal,0.72,0
4/3/2024 23:00,S5,61.68372759,96.14643822,29.38722183,33.76967309,8.305233838,Normal,0.81,0
4/3/2024 23:05,S3,60.71495739,116.3349023,28.13288761,34.1260048,3.110239392,Normal,0.54,1
4/3/2024 23:10,S3,99.50889559,116.3874556,37.93004848,37.30129838,14.64199807,Normal,0.75,0
4/3/2024 23:15,S3,77.11092535,116.1173528,45.98286901,33.01436693,8.734135608,Normal,0.59,1
4/3/2024 23:20,S2,75.37306589,97.16388634,48.40201187,27.16249477,9.984421176,Normal,0.79,0
4/3/2024 23:25,S5,87.18589131,103.5371803,23.17717413,21.03690778,5.075927175,Normal,0.82,0
4/3/2024 23:30,S1,68.73015551,119.5496897,24.64485838,40.74325324,8.285475106,Normal,0.78,0
4/3/2024 23:35,S4,97.99844736,113.1603743,48.34208776,19.0508972,7.578943395,Normal,0.87,0
4/3/2024 23:40,S1,91.45380058,90.81502264,42.09605685,37.69417225,2.973645946,Normal,0.67,1
4/3/2024 23:45,S5,63.57644009,91.95613774,46.48981474,19.33331291,3.380084596,Failure,0.88,1
4/3/2024 23:50,S4,76.70323103,103.9179413,26.07897902,35.0132068,12.88714276,Normal,0.72,0
4/3/2024 23:55,S5,95.1647323,117.2766062,37.62757613,39.88313069,5.117659379,Normal,0.74,0
4/4/2024 0:00,S3,97.78928089,106.1610539,41.03418783,18.74855556,4.534457529,Normal,0.82,0
4/4/2024 0:05,S4,78.69606045,104.9343752,40.40335656,12.39773203,8.563848866,Normal,0.51,1
4/4/2024 0:10,S3,84.53645557,93.164211,32.24455073,15.23894972,11.99371271,Warning,0.83,0
4/4/2024 0:15,S1,66.68135784,109.7034031,20.46184675,34.23987869,2.805304742,Normal,0.81,0
4/4/2024 0:20,S1,99.64674505,114.6630948,37.4877817,43.97785625,9.498502955,Warning,0.65,1
4/4/2024 0:25,S4,69.26686806,101.4126002,27.59304618,11.79987285,3.549735757,Normal,0.54,1
4/4/2024 0:30,S4,97.70927097,113.2683555,33.50762738,39.36605036,2.473993661,Normal,0.55,1
4/4/2024 0:35,S5,85.98586596,118.9342996,48.72743045,23.65274584,2.685671378,Warning,0.96,0
4/4/2024 0:40,S5,84.3094718,96.11299377,31.97105953,29.1411348,12.84413341,Normal,0.84,0
4/4/2024 0:45,S3,80.50754044,105.6998889,45.1940482,47.15438199,3.533642287,Normal,0.56,1
4/4/2024 0:50,S4,69.22679247,98.61413874,25.65621817,23.27886019,2.586967737,Normal,0.68,1
4/4/2024 0:55,S1,67.06112128,113.7856326,40.17381494,28.61347736,7.692698533,Warning,0.8,0
4/4/2024 1:00,S5,68.81944836,107.327801,49.31020863,10.54729659,12.97191514,Normal,0.92,0
4/4/2024 1:05,S5,67.45753049,109.0374725,23.05679303,13.2639488,5.411308894,Warning,0.52,1
4/4/2024 1:10,S1,91.18337894,113.9374248,20.24959827,20.34366365,7.482264028,Normal,0.62,1
4/4/2024 1:15,S5,74.00501037,101.8791142,33.00748378,11.11408963,2.518992923,Warning,0.94,0
4/4/2024 1:20,S3,62.31370706,117.4527021,22.77876449,35.25501304,7.838020684,Normal,0.5,1
4/4/2024 1:25,S4,98.76410521,105.990866,42.45153049,27.05593427,9.508970048,Warning,0.6,1
4/4/2024 1:30,S1,95.3514354,94.73864469,47.43645992,31.92580811,9.421791699,Normal,0.98,0
4/4/2024 1:35,S4,97.11009133,110.8769735,33.02062918,16.98588744,6.321546998,Failure,0.81,1
4/4/2024 1:40,S5,99.79631291,113.7978405,27.76134926,21.83728118,6.101931349,Normal,0.63,1
4/4/2024 1:45,S5,66.95580997,99.50285031,33.03209957,36.55297899,3.386107046,Normal,0.53,1
4/4/2024 1:50,S1,75.84968076,115.7153777,41.70343454,48.61210895,6.768378168,Normal,0.51,1
4/4/2024 1:55,S3,90.32953903,117.1842976,20.27162485,12.01667094,3.293430695,Normal,0.62,1
4/4/2024 2:00,S2,87.84082472,98.30713462,37.68361968,45.61537283,11.96574728,Normal,0.94,0
4/4/2024 2:05,S1,66.15583625,119.5056442,38.39875055,33.07524805,14.56156587,Failure,0.71,1
4/4/2024 2:10,S2,92.633325,94.22134584,39.13064741,32.55678267,14.61096794,Failure,0.86,1
4/4/2024 2:15,S2,68.97762287,96.06047005,27.2606624,30.01114141,13.24592429,Normal,0.96,0
4/4/2024 2:20,S3,68.95270459,95.52674518,41.4215817,12.77576344,9.810297941,Failure,0.7,1
4/4/2024 2:25,S2,81.47897692,116.8196913,22.74174459,13.59507407,11.11125406,Normal,0.6,1
4/4/2024 2:30,S2,83.71759739,109.6287766,25.97811009,34.03648023,5.707675435,Normal,0.76,0
4/4/2024 2:35,S3,83.20344831,94.5631285,46.3241014,23.63834286,10.20001546,Warning,0.95,0
4/4/2024 2:40,S2,63.6594735,103.2097026,42.16169452,46.69072266,7.923444143,Normal,0.9,0
4/4/2024 2:45,S2,95.09843451,108.4589408,20.41236662,26.26362149,8.266225417,Failure,0.53,1
4/4/2024 2:50,S2,70.6240017,92.50392255,27.45128781,15.73125835,11.85109528,Normal,0.85,0
4/4/2024 2:55,S1,65.18059685,116.4724911,26.43219449,38.58875334,5.664938623,Normal,0.79,0
4/4/2024 3:00,S1,95.54992319,114.1081061,28.12418984,21.73413686,6.134514952,Normal,0.95,0
4/4/2024 3:05,S1,98.22605993,105.1562032,27.42679311,31.01881229,14.02034328,Normal,0.56,1
4/4/2024 3:10,S3,94.48510469,119.0137985,21.87578887,37.91331142,2.730915833,Normal,0.77,0
4/4/2024 3:15,S5,92.38064299,102.5328294,33.7682155,46.01056445,8.313245879,Failure,0.94,1
4/4/2024 3:20,S2,86.20967923,119.5233096,41.98200424,41.68764779,13.86641041,Warning,0.71,0
4/4/2024 3:25,S2,82.03429482,110.0376,38.20195174,37.05444271,9.934719102,Warning,0.74,0
4/4/2024 3:30,S3,63.4794704,109.0401382,40.18615006,37.1853273,9.103291965,Normal,0.54,1
4/4/2024 3:35,S2,76.33812852,94.97864686,22.43447536,47.83698576,5.24667433,Normal,0.64,1
4/4/2024 3:40,S1,74.90754068,116.4578327,48.54472131,21.8329639,6.462581358,Normal,0.66,1
4/4/2024 3:45,S5,70.39015135,102.8246906,45.15475502,10.04448377,13.07662941,Normal,0.97,0
4/4/2024 3:50,S4,88.93680455,94.86700217,44.15270955,20.87818238,9.269835713,Normal,0.64,1
4/4/2024 3:55,S2,79.8350294,90.3782256,44.68951415,18.71565519,8.691648519,Warning,0.73,0
4/4/2024 4:00,S1,63.24184864,106.7926705,47.98131524,36.4733834,3.294536276,Normal,0.84,0
4/4/2024 4:05,S4,68.80732808,105.8219887,36.32761898,35.34846399,2.208366034,Normal,0.58,1
4/4/2024 4:10,S5,87.33035055,111.5806087,26.00846054,33.73845531,14.52790745,Normal,0.74,0
4/4/2024 4:15,S4,63.04523438,116.7077416,38.50350824,10.64973773,6.900820175,Normal,0.87,0
4/4/2024 4:20,S1,94.04827656,92.38219754,42.28644481,39.15112218,9.841769807,Normal,0.93,0
4/4/2024 4:25,S4,79.80586108,111.9448947,42.1375218,22.9412165,3.036295951,Failure,0.81,1
4/4/2024 4:30,S3,79.22346309,95.62235832,35.64347073,36.60223956,10.88048571,Normal,0.83,0
4/4/2024 4:35,S4,83.69631139,115.7453116,22.05376158,32.26313714,14.12336721,Warning,0.56,1
4/4/2024 4:40,S2,92.98723864,114.5719054,31.13338815,23.70923702,9.483648289,Normal,0.97,0
4/4/2024 4:45,S2,73.91236832,106.2238126,47.62299825,15.38305068,3.639499191,Normal,0.57,1
4/4/2024 4:50,S3,87.1206461,111.307284,37.53346729,13.77675591,9.562379857,Normal,0.89,0
4/4/2024 4:55,S1,82.62927856,99.4305034,36.1499583,43.26073332,11.96251377,Warning,0.63,1
4/4/2024 5:00,S2,70.68113081,104.135037,28.06560543,46.73590168,7.283414975,Warning,0.97,0
4/4/2024 5:05,S5,95.14519945,114.6491069,31.0534676,35.99152187,13.43789072,Normal,0.86,0
4/4/2024 5:10,S2,91.89704086,103.7779559,46.86038267,14.13736459,10.43287839,Normal,0.88,0
4/4/2024 5:15,S2,86.33807339,100.733948,39.99389143,26.08108868,13.69023594,Normal,0.61,1
4/4/2024 5:20,S1,94.02326916,104.8263734,43.6216108,39.157568,10.10556905,Normal,0.72,0
4/4/2024 5:25,S4,94.69176804,114.8474776,33.63036269,41.19283536,3.706743636,Failure,0.81,1
4/4/2024 5:30,S2,88.33451907,100.0562414,38.90741658,14.72874489,6.025992244,Normal,0.88,0
4/4/2024 5:35,S3,93.48053313,95.21284779,27.45150826,10.00122875,4.623334327,Normal,0.55,1
4/4/2024 5:40,S4,87.89885847,111.3604206,41.16382491,38.48548184,13.81474447,Normal,0.98,0
4/4/2024 5:45,S5,87.20563087,114.7793464,32.82804001,24.26384704,11.88520087,Normal,0.95,0
4/4/2024 5:50,S1,84.74445513,93.01912436,33.27636544,20.17925326,10.7931788,Normal,0.64,1
4/4/2024 5:55,S5,90.10866558,97.19622338,39.47966974,10.51589879,5.912562155,Normal,0.91,0
4/4/2024 6:00,S4,66.34420421,94.25915969,48.08841864,31.61197627,4.392582037,Warning,0.76,0
4/4/2024 6:05,S4,95.23483037,100.4382423,21.9201904,44.04602942,11.83386414,Warning,0.73,0
4/4/2024 6:10,S4,94.87374111,103.5105294,44.74229712,48.30526585,8.164053296,Normal,0.66,1
4/4/2024 6:15,S5,61.16989132,112.4647901,28.77149331,32.62979802,4.935264178,Warning,0.79,0
4/4/2024 6:20,S4,93.03267002,109.5344275,33.31758364,30.57845311,10.01608572,Normal,0.86,0
4/4/2024 6:25,S5,65.1547947,108.627857,20.65739986,13.40225542,2.524340078,Normal,0.71,0
4/4/2024 6:30,S4,73.40475417,100.5712484,29.03138234,31.95491206,6.240213304,Normal,0.81,0
4/4/2024 6:35,S3,89.74033025,115.2434266,35.07893728,25.19916316,8.09124093,Normal,0.85,0
4/4/2024 6:40,S4,66.43039584,104.138615,21.68528232,34.28541124,3.923458343,Normal,0.86,0
4/4/2024 6:45,S5,92.71868096,119.3731481,34.73287188,25.54905392,14.80050821,Normal,0.53,1
4/4/2024 6:50,S2,93.28536712,109.0242641,47.81331887,19.61196494,4.71826574,Normal,0.93,0
4/4/2024 6:55,S4,80.29870935,93.78794225,23.16179654,13.79861101,3.694590691,Failure,0.73,1
4/4/2024 7:00,S2,60.25543487,110.2853269,42.93322184,22.59673778,4.645953361,Normal,0.63,1
4/4/2024 7:05,S3,71.48152533,99.75312046,32.2901316,13.86579337,11.99779473,Normal,0.62,1
4/4/2024 7:10,S1,84.67707674,110.5898159,39.65521144,17.07587803,7.531573571,Normal,0.74,0
4/4/2024 7:15,S3,99.24744712,92.08923444,27.80709794,49.49344634,9.350407217,Normal,0.94,0
4/4/2024 7:20,S4,85.27254108,95.24644312,24.78476788,27.76414228,2.273119041,Normal,0.69,1
4/4/2024 7:25,S2,70.39214324,115.6721178,24.81387843,31.27487066,2.447607011,Warning,0.87,0
4/4/2024 7:30,S2,85.36022812,96.81538671,22.11475837,44.94474115,7.795732148,Normal,0.55,1
4/4/2024 7:35,S5,81.59941519,115.1112338,25.56940115,49.82275602,12.61651816,Normal,0.74,0
4/4/2024 7:40,S2,91.19381581,98.37828265,39.92658155,33.30857797,13.50810542,Normal,1,0
4/4/2024 7:45,S5,64.27922555,109.2864573,46.45071836,42.49895284,3.127185379,Normal,0.89,0
4/4/2024 7:50,S1,90.4411161,110.8245172,44.42377057,23.07764097,8.998720327,Normal,0.61,1
4/4/2024 7:55,S4,81.65066315,105.3796426,40.5540293,22.2297583,13.87198592,Normal,0.75,0
4/4/2024 8:00,S5,98.51968015,99.1593203,23.3129559,26.10814884,7.043645807,Normal,0.62,1
4/4/2024 8:05,S1,73.67488664,96.37933129,28.67562339,36.90029051,12.78435581,Normal,0.7,0
4/4/2024 8:10,S2,85.30487573,90.99568064,29.29420626,37.28766757,3.738043507,Normal,0.89,0
4/4/2024 8:15,S2,97.28112422,99.11839204,27.49870839,22.60957739,14.16012837,Failure,0.89,1
4/4/2024 8:20,S1,64.10038912,109.5948837,35.45016979,15.32839697,11.76850313,Normal,0.61,1
4/4/2024 8:25,S2,97.48913949,118.1491446,36.06661445,35.29585026,14.23734711,Warning,0.96,0
4/4/2024 8:30,S1,87.51542889,116.1361345,30.70657926,15.13303449,10.79602404,Warning,0.8,0
4/4/2024 8:35,S5,62.71348236,112.9819433,30.61367476,33.13970033,6.724251116,Normal,0.69,1
4/4/2024 8:40,S5,72.03854268,113.6534203,44.85666794,37.73688512,14.19635524,Normal,0.75,0
4/4/2024 8:45,S1,88.32688355,109.9495471,43.67878545,38.02445986,5.582368092,Normal,0.8,0
4/4/2024 8:50,S5,62.69402406,97.80860573,29.23387495,40.13888443,6.318242787,Normal,0.78,0
4/4/2024 8:55,S5,83.28681841,117.2158509,47.41365332,44.91437686,11.11050943,Normal,0.74,0
4/4/2024 9:00,S5,73.83532228,110.1219694,48.58445051,29.99835968,11.94911189,Warning,0.75,0
4/4/2024 9:05,S3,84.83662071,106.8132189,29.80227626,39.20996758,14.08224529,Failure,0.59,1
4/4/2024 9:10,S4,61.82968135,93.32968408,30.63274846,34.76690941,4.662431318,Normal,0.91,0
4/4/2024 9:15,S2,94.86147225,103.4116663,35.1690246,17.46559759,12.37397446,Normal,0.77,0
4/4/2024 9:20,S3,98.93955877,103.8107481,48.23362438,11.02758579,11.60109869,Normal,0.57,1
4/4/2024 9:25,S5,98.75511421,115.9369083,46.28958299,21.38165543,2.829329231,Warning,0.88,0
4/4/2024 9:30,S1,89.98607327,106.3994466,23.07703888,27.72134825,7.033900836,Normal,0.97,0
4/4/2024 9:35,S5,65.20344961,101.4120165,31.7819223,34.68423778,5.675950942,Normal,0.97,0
4/4/2024 9:40,S4,90.33052784,119.3040099,36.60113569,43.99837322,5.958375517,Warning,0.68,1
4/4/2024 9:45,S5,60.98347666,93.3216178,35.09397418,17.84982867,14.77830943,Normal,0.57,1
4/4/2024 9:50,S1,60.88494206,102.6764528,25.81589204,15.0219916,10.35610638,Failure,0.76,1
4/4/2024 9:55,S4,72.94440877,91.26074026,45.76450314,48.5391979,11.32979005,Normal,0.56,1
4/4/2024 10:00,S5,79.54572762,112.1971236,40.30822349,14.32178238,14.69602929,Normal,0.97,0
4/4/2024 10:05,S4,90.81629671,117.5422966,45.13725125,29.1396428,6.903623172,Failure,0.59,1
4/4/2024 10:10,S2,87.33181506,98.40111989,45.76292838,33.42254915,12.42392219,Normal,0.63,1
4/4/2024 10:15,S2,77.83610826,115.7502503,42.45067561,31.65497684,7.648902523,Normal,0.7,0
4/4/2024 10:20,S5,70.94506665,98.76654691,33.17631804,13.44128628,13.30393773,Normal,0.69,1
4/4/2024 10:25,S4,99.88498001,117.3231048,38.31640265,12.28107656,4.348548037,Normal,0.9,0
4/4/2024 10:30,S1,77.04725209,112.6188571,24.81096218,14.2193371,14.3199203,Normal,0.73,0
4/4/2024 10:35,S5,78.05548097,114.1472033,40.20936252,33.42350735,4.844032209,Normal,0.59,1
4/4/2024 10:40,S2,66.54495285,90.54019667,25.37759767,31.77379551,6.240866591,Normal,0.63,1
4/4/2024 10:45,S2,91.79238195,118.8843107,40.81848772,19.34963168,11.83049904,Normal,0.75,0
4/4/2024 10:50,S5,87.74728903,111.8001298,26.88794482,35.51096567,7.11881684,Warning,0.57,1
4/4/2024 10:55,S4,68.83078451,99.14253286,23.526539,42.80270008,9.906747898,Warning,0.81,0
4/4/2024 11:00,S2,63.29524182,114.8818399,24.9585347,11.66315839,7.779455514,Normal,0.78,0
4/4/2024 11:05,S4,87.21997208,98.44563595,20.05976406,29.92519774,11.65080918,Normal,0.86,0
4/4/2024 11:10,S2,86.18044857,116.1826152,41.56218854,37.57241648,4.968306281,Normal,0.97,0
4/4/2024 11:15,S2,70.93038108,93.37741171,41.97203147,20.09247708,2.759953834,Normal,0.96,0
4/4/2024 11:20,S3,98.03454249,111.1105793,35.4480005,22.31083621,5.899082167,Warning,0.97,0
4/4/2024 11:25,S2,66.04231567,106.2209543,24.84088403,34.54551612,8.166012643,Warning,0.62,1
4/4/2024 11:30,S1,77.29339204,92.89603411,22.50663013,45.91741174,4.184260679,Normal,0.57,1
4/4/2024 11:35,S5,97.74463681,97.25681485,20.57386899,42.39697681,6.612364766,Normal,0.65,1
4/4/2024 11:40,S5,76.78909268,90.37212109,24.97244531,33.32520876,7.199779238,Normal,0.95,0
4/4/2024 11:45,S4,85.54103791,104.063039,46.72566605,39.20886871,2.746093968,Normal,0.99,0
4/4/2024 11:50,S2,75.90377592,99.03795782,27.24610525,24.59289881,9.582994226,Normal,0.93,0
4/4/2024 11:55,S1,70.96860809,107.9507245,30.62813982,35.63862112,13.49646456,Failure,0.56,1
4/4/2024 12:00,S4,99.35910592,98.91713423,23.16036453,28.64726365,3.972657868,Warning,0.97,0
4/4/2024 12:05,S3,76.37336025,98.99757335,26.67083914,17.59744546,9.771504174,Normal,0.71,0
4/4/2024 12:10,S4,95.76396815,112.295796,35.57673712,38.06953096,10.64160966,Normal,0.5,1
4/4/2024 12:15,S4,69.19818424,91.44428508,38.23258049,32.25858549,7.451350845,Failure,0.72,1
4/4/2024 12:20,S2,68.52418816,117.0868499,27.36056942,24.34486328,11.11426864,Normal,0.52,1
4/4/2024 12:25,S3,61.24536332,115.5679162,21.73196478,46.4535676,7.339510065,Normal,0.77,0
4/4/2024 12:30,S4,86.06667302,110.0341405,31.73098607,10.83736471,8.560284744,Normal,0.67,1
4/4/2024 12:35,S1,74.74105375,107.7966471,27.02610113,22.63092605,2.095589579,Warning,0.74,0
4/4/2024 12:40,S1,94.57432999,116.7690749,26.5866177,12.27525591,10.99236148,Normal,0.81,0
4/4/2024 12:45,S5,78.92839627,95.55990539,48.79588408,40.66109265,10.59745483,Normal,0.93,0
4/4/2024 12:50,S3,98.72773712,92.36907487,38.48901458,38.08429816,2.499211405,Warning,0.83,0
4/4/2024 12:55,S3,67.42102063,97.1853051,36.7063533,23.25408875,6.787251396,Warning,0.72,0
4/4/2024 13:00,S5,94.74492672,113.8373484,32.47325311,37.02651609,14.72741393,Failure,0.91,1
4/4/2024 13:05,S4,91.06387411,91.040108,32.86833,25.83748905,7.469575313,Normal,0.95,0
4/4/2024 13:10,S3,90.83687379,107.4842051,36.22715012,40.25015166,8.525290267,Normal,0.56,1
4/4/2024 13:15,S1,93.79132912,119.8631255,40.89289421,28.16734651,13.82909206,Warning,0.77,0
4/4/2024 13:20,S1,90.44095964,115.6708828,41.06438289,26.49118911,11.32440439,Warning,0.64,1
4/4/2024 13:25,S2,85.04881287,105.6433707,25.15081723,47.38919662,9.566911705,Normal,0.52,1
4/4/2024 13:30,S3,65.24979511,91.90922728,35.00338256,20.035164,12.37146086,Normal,0.83,0
4/4/2024 13:35,S4,61.30104718,114.9412054,32.35874285,14.8178936,13.23676146,Warning,0.93,0
4/4/2024 13:40,S5,96.83391391,107.9693552,46.11580899,33.38172453,7.939544933,Warning,0.58,1
4/4/2024 13:45,S5,84.66601258,93.44798991,38.94256764,48.77287249,8.176408744,Normal,0.91,0
4/4/2024 13:50,S4,91.86149164,92.81571854,35.97512199,25.11356855,7.018662163,Normal,0.93,0
4/4/2024 13:55,S2,79.26089406,117.2888046,23.46183927,12.48147055,14.56717982,Normal,0.96,0
4/4/2024 14:00,S5,64.69232756,110.0760079,38.16913668,23.57221069,11.06316131,Normal,0.63,1
4/4/2024 14:05,S3,65.00743169,114.878604,23.51611717,30.23726617,3.081899861,Normal,0.95,0
4/4/2024 14:10,S2,87.42261149,116.369367,30.11619727,16.47692027,13.2184751,Normal,0.66,1
4/4/2024 14:15,S3,77.2122358,107.1531706,24.28525894,36.32408872,8.247279231,Normal,0.78,0
4/4/2024 14:20,S1,68.02098907,105.5233906,40.76220941,49.90997556,2.893800783,Normal,0.53,1
4/4/2024 14:25,S2,79.66378187,102.9128223,26.18756342,28.06957904,9.146324317,Normal,0.52,1
4/4/2024 14:30,S5,62.56835748,99.50839763,31.7557812,24.18914227,7.423135627,Warning,0.86,0
4/4/2024 14:35,S2,83.27885608,103.0378788,46.87024333,26.02816667,13.41074226,Normal,0.72,0
4/4/2024 14:40,S2,70.75973618,113.2163897,26.1294915,14.60584714,4.651929847,Normal,0.63,1
4/4/2024 14:45,S2,91.90236403,108.0577029,35.23415192,45.33094406,12.74403992,Warning,0.6,1
4/4/2024 14:50,S2,72.41447836,116.7756987,32.57814983,26.59302622,9.249952985,Normal,0.83,0
4/4/2024 14:55,S3,78.20880596,103.3014004,20.54372123,25.49097646,2.709933942,Failure,0.5,1
4/4/2024 15:00,S1,60.4648216,108.2126874,43.78274341,36.38761092,14.63398892,Warning,0.9,0
4/4/2024 15:05,S4,62.89787551,108.9392266,22.07137719,27.68133684,8.663998173,Normal,0.54,1
4/4/2024 15:10,S2,75.69974226,107.7509149,34.22765063,35.92933875,5.781399105,Failure,0.6,1
4/4/2024 15:15,S5,79.19755339,111.0790132,36.82034885,12.45785161,8.102288946,Normal,0.69,1
4/4/2024 15:20,S2,84.00082192,97.12300405,38.8527937,42.54893375,13.15215119,Normal,0.74,0
4/4/2024 15:25,S5,71.66650315,105.3709133,40.65894888,47.62015812,5.963740617,Normal,0.68,1
4/4/2024 15:30,S3,87.79927545,93.12674408,27.59817151,35.95061545,4.504793154,Normal,0.66,1
4/4/2024 15:35,S5,94.40489589,101.5353398,20.2993633,48.18263715,3.67792621,Failure,0.98,1
4/4/2024 15:40,S4,91.19403956,104.6300121,41.70330987,16.05729257,5.872172179,Normal,0.82,0
4/4/2024 15:45,S1,61.58475301,109.5667278,36.06969798,29.09664758,12.14062513,Normal,0.51,1
4/4/2024 15:50,S5,79.22027789,118.5159316,45.0835311,34.07226936,8.131142748,Normal,0.72,0
4/4/2024 15:55,S5,64.19720714,108.019532,44.64165089,33.2694659,4.957260848,Normal,0.94,0
4/4/2024 16:00,S1,69.68180063,112.3078175,45.29978503,26.05847116,4.160404995,Normal,0.65,1
4/4/2024 16:05,S4,99.46650373,105.1879818,34.5528398,23.52337637,6.325483195,Normal,0.55,1
4/4/2024 16:10,S2,65.69982172,109.0231209,30.00885188,15.0729609,14.21901685,Warning,0.88,0
4/4/2024 16:15,S5,79.95552614,92.12796648,43.74674608,25.66969802,6.459347264,Normal,0.8,0
4/4/2024 16:20,S1,84.72622937,97.63174743,33.53882339,16.5064326,14.84561299,Warning,0.79,0
4/4/2024 16:25,S3,88.09859882,100.8555928,25.50326589,39.37462706,8.307995925,Normal,0.53,1
4/4/2024 16:30,S1,82.38594734,104.1748007,45.64922059,18.35323742,4.329130938,Warning,0.57,1
4/4/2024 16:35,S3,60.3908339,91.36946237,46.4767963,12.34261221,13.58482119,Warning,0.81,0
4/4/2024 16:40,S4,73.05845233,94.20072293,33.98929268,32.09464551,7.984619851,Normal,0.6,1
4/4/2024 16:45,S2,80.70846574,98.30442923,22.27099182,33.80918931,11.22572747,Normal,0.75,0
4/4/2024 16:50,S1,63.51465997,119.1459807,31.6347827,44.87652245,14.78825058,Warning,0.77,0
4/4/2024 16:55,S5,74.02507725,99.94041021,44.10612978,33.0792645,2.652279554,Normal,0.64,1
4/4/2024 17:00,S4,61.32812435,104.4612317,47.05322086,23.81923415,3.257029277,Failure,0.97,1
4/4/2024 17:05,S1,63.14313989,95.88293138,26.10418227,42.12047526,11.36593764,Normal,0.92,0
4/4/2024 17:10,S5,75.87693105,108.3234021,22.00920836,31.61115573,5.663725043,Normal,0.86,0
4/4/2024 17:15,S1,65.30863016,98.42049647,46.32051359,13.17121139,4.39591816,Normal,0.54,1
4/4/2024 17:20,S3,82.70163393,96.20977735,31.68214817,32.63402241,2.511704438,Failure,0.55,1
4/4/2024 17:25,S1,87.57859877,105.4971789,36.25282893,46.32074182,2.284007256,Normal,0.75,0
4/4/2024 17:30,S1,92.02346796,90.16517397,49.04197436,25.85250502,12.06831284,Warning,0.58,1
4/4/2024 17:35,S1,68.00600977,90.22992098,21.99694184,21.85303208,3.747634556,Warning,0.99,0
4/4/2024 17:40,S4,66.69930329,96.57206427,39.44954022,15.73877828,8.080368008,Normal,0.58,1
4/4/2024 17:45,S1,64.18271361,91.10164088,22.22316268,16.05782088,9.876658597,Normal,0.74,0
4/4/2024 17:50,S5,85.45720998,93.24077262,31.26406785,27.31085937,7.568573407,Warning,0.68,1
4/4/2024 17:55,S3,88.25902906,100.1658195,44.11443636,33.82719297,2.35238648,Normal,0.82,0
4/4/2024 18:00,S3,61.26344579,114.0775704,33.00416698,13.22461621,12.18551953,Warning,0.56,1
4/4/2024 18:05,S1,97.44848985,107.1614593,49.91547062,47.58274356,2.136671919,Normal,0.72,0
4/4/2024 18:10,S4,62.07885135,105.3800318,36.77177855,40.2053447,11.90456863,Normal,0.64,1
4/4/2024 18:15,S4,81.65185341,98.8046647,29.63486458,33.46495673,13.61295842,Warning,0.94,0
4/4/2024 18:20,S5,88.36242078,117.9526116,26.60333978,43.13754684,7.626918974,Normal,0.52,1
4/4/2024 18:25,S1,94.83876495,101.9104512,30.51561603,13.20747027,8.96205215,Normal,0.96,0
4/4/2024 18:30,S3,88.56347729,92.612783,31.17599821,29.07355511,8.200784104,Normal,0.92,0
4/4/2024 18:35,S4,92.06912332,108.5119955,22.06141033,35.20372507,7.059712042,Normal,0.65,1
4/4/2024 18:40,S1,73.5780077,93.4151518,31.08722598,43.14611624,13.53651896,Normal,0.89,0
4/4/2024 18:45,S4,92.59300455,100.3566943,33.92715559,41.3387824,13.62113564,Warning,0.52,1
4/4/2024 18:50,S4,63.20459386,105.2223582,41.68213257,21.08276999,6.36561274,Normal,0.98,0
4/4/2024 18:55,S3,95.79266624,116.2266757,39.70188454,47.63520678,9.995906802,Normal,0.76,0
4/4/2024 19:00,S2,81.90369505,104.8063974,41.26296966,14.97383366,14.04979831,Normal,0.65,1
4/4/2024 19:05,S5,92.6919108,111.067763,20.25091046,45.00534474,14.50676049,Normal,0.68,1
4/4/2024 19:10,S5,78.09273138,119.7845052,26.53002199,48.83760998,8.616467525,Normal,0.53,1
4/4/2024 19:15,S3,85.74310781,93.9446736,39.85052865,17.08614093,7.886722469,Failure,0.99,1
4/4/2024 19:20,S4,81.05610644,98.24194577,34.51968105,38.88264257,5.623026107,Warning,0.52,1
4/4/2024 19:25,S1,89.26358087,101.8372823,20.15940427,11.61142075,14.46533435,Normal,0.83,0
4/4/2024 19:30,S4,63.26519928,102.6548454,44.13483927,26.21691301,3.856585958,Normal,0.72,0
4/4/2024 19:35,S3,62.41408336,102.3306323,43.1842872,30.65133197,9.537784489,Normal,0.97,0
4/4/2024 19:40,S5,69.88412936,117.2283301,36.45257489,33.22580904,5.673153478,Normal,0.62,1
4/4/2024 19:45,S4,66.3817872,111.4209793,21.99389977,47.43748993,5.627107775,Normal,0.77,0
4/4/2024 19:50,S5,94.87134266,108.2371564,42.99545149,36.89002749,7.264591636,Normal,0.74,0
4/4/2024 19:55,S1,68.76855949,99.28118154,37.51140763,29.25111805,14.98430817,Normal,0.85,0
4/4/2024 20:00,S5,99.03461023,114.7137115,43.45879931,42.38700145,2.714561989,Normal,0.53,1
4/4/2024 20:05,S5,73.47583167,118.6518153,42.55240977,48.02131284,9.521043637,Normal,0.6,1
4/4/2024 20:10,S2,67.28471663,114.6359485,44.09006216,10.88264595,3.073438054,Failure,0.61,1
4/4/2024 20:15,S2,91.58794029,90.04695316,35.54024199,49.30085089,4.00877079,Normal,0.87,0
4/4/2024 20:20,S2,86.34831102,109.0920411,24.20973555,13.44528556,7.714318243,Normal,0.59,1
4/4/2024 20:25,S5,79.92782866,91.53406144,40.1347242,42.57547117,8.635981708,Normal,0.79,0
4/4/2024 20:30,S3,82.21454204,97.72821661,38.61421355,21.2133901,5.364301309,Normal,0.61,1
4/4/2024 20:35,S5,88.76807113,91.78574101,42.26759562,15.28718631,6.113942701,Warning,0.93,0
4/4/2024 20:40,S3,69.13818965,108.1138636,25.09643018,27.59422559,3.130571263,Normal,0.97,0
4/4/2024 20:45,S3,99.85335664,110.5976974,25.849256,35.75826318,5.94185719,Normal,0.76,0
4/4/2024 20:50,S2,98.99172649,93.43462914,46.71228552,25.2380738,14.56525971,Normal,0.68,1
4/4/2024 20:55,S4,86.01302745,101.5151665,42.49933395,12.18261633,14.28119596,Warning,0.62,1
4/4/2024 21:00,S1,67.98169804,103.6870953,47.24685466,33.97844559,6.353417772,Normal,0.52,1
4/4/2024 21:05,S2,87.2091297,101.0715907,42.76145963,46.09613104,9.421101172,Normal,0.63,1
4/4/2024 21:10,S2,62.88793636,93.63075001,37.91465918,25.32861464,13.82474008,Normal,0.83,0
4/4/2024 21:15,S4,61.22610009,102.5684337,39.62398211,18.65331111,2.080389694,Normal,0.77,0
4/4/2024 21:20,S1,70.30731554,112.5353414,46.67383772,27.70309384,12.53888641,Normal,0.97,0
4/4/2024 21:25,S5,78.50491827,92.13022994,37.36420264,11.93450844,14.32880419,Normal,0.7,0
4/4/2024 21:30,S5,94.73090022,92.40540042,38.97173973,42.81950338,3.187234546,Normal,0.85,0
4/4/2024 21:35,S2,89.08676279,100.6431388,24.69430148,43.05363244,4.098819918,Warning,0.74,0
4/4/2024 21:40,S1,89.70826085,118.2517713,34.2176366,33.52001854,14.48970194,Normal,0.76,0
4/4/2024 21:45,S2,77.01973338,110.0571794,41.49191336,24.12411556,8.988021867,Normal,0.63,1
4/4/2024 21:50,S3,73.8373997,110.3600987,28.12828095,41.99133458,2.184556248,Normal,0.73,0
4/4/2024 21:55,S2,74.84155052,100.8575997,26.06762542,32.18748099,5.349215984,Failure,0.74,1
4/4/2024 22:00,S2,99.50598255,107.8098237,29.41480425,43.03729234,7.849267765,Normal,0.85,0
4/4/2024 22:05,S5,61.60436766,90.30393552,27.24501884,35.2583517,11.00781584,Warning,0.97,0
4/4/2024 22:10,S5,94.68125984,109.0828814,26.44737911,41.37621893,11.53108492,Normal,0.66,1
4/4/2024 22:15,S5,83.14701634,117.3986084,32.74552529,33.94251973,14.94047967,Normal,0.52,1
4/4/2024 22:20,S3,77.54461677,108.3772041,47.23515542,26.56564273,5.737645592,Normal,0.75,0
4/4/2024 22:25,S5,89.01030642,116.2109578,35.2117894,48.3178344,8.996861324,Normal,0.77,0
4/4/2024 22:30,S1,79.46675766,111.7191917,25.63761142,31.644553,8.933206122,Failure,0.58,1
4/4/2024 22:35,S4,94.93692952,93.61675249,22.30915008,34.20358074,7.273388373,Failure,0.88,1
4/4/2024 22:40,S1,96.02807456,117.0735992,40.88468435,18.81950558,4.19910462,Normal,0.99,0
4/4/2024 22:45,S1,76.86883707,91.99331533,31.48396293,35.02603158,14.70693532,Normal,0.97,0
4/4/2024 22:50,S5,71.07311189,106.0190242,44.6549284,32.86430598,13.09312343,Failure,0.6,1
4/4/2024 22:55,S4,83.69401314,94.26411371,39.78532306,17.39353592,8.478329368,Normal,0.94,0
4/4/2024 23:00,S4,96.49453382,90.35119832,43.88724352,12.38348389,9.842190495,Normal,0.85,0
4/4/2024 23:05,S4,68.42648756,102.6610278,28.15838118,34.17437279,4.954393696,Normal,0.73,0
4/4/2024 23:10,S3,84.91866334,98.85122123,40.77076767,40.54769077,9.069231915,Normal,0.77,0
4/4/2024 23:15,S5,85.2624088,104.5800148,27.92185954,30.93605484,11.03461173,Normal,0.92,0
4/4/2024 23:20,S4,89.3245209,107.3159966,48.17205438,19.07090501,8.697171369,Normal,0.74,0
4/4/2024 23:25,S3,65.26270741,91.31217217,39.09122845,36.66087907,14.87370722,Normal,0.69,1
4/4/2024 23:30,S2,88.63299859,93.69009885,29.73535401,13.20422906,9.947441531,Normal,0.75,0
4/4/2024 23:35,S2,96.36130083,106.7592719,28.08535587,27.67334819,6.822658264,Normal,0.79,0
4/4/2024 23:40,S3,67.18732435,100.2950206,25.72779755,16.53467034,12.03797636,Normal,0.59,1
4/4/2024 23:45,S3,69.501733,111.8752046,40.83922877,17.37836204,4.216012651,Warning,0.95,0
4/4/2024 23:50,S5,98.85580376,109.5687495,26.56146839,18.09175797,6.998705578,Normal,0.84,0
4/4/2024 23:55,S5,67.23907811,115.3681309,37.85909798,25.46828228,6.510466355,Normal,0.82,0
4/5/2024 0:00,S2,94.17540373,110.7747848,27.93905081,12.04600822,7.613492236,Failure,0.55,1
4/5/2024 0:05,S4,79.69111426,102.8979323,39.85906834,25.91173764,12.16313774,Failure,0.8,1
4/5/2024 0:10,S2,69.88924298,110.1889987,44.44819186,30.46829788,8.294249418,Normal,0.56,1
4/5/2024 0:15,S4,94.82999605,98.26143523,43.34075729,29.3317714,12.32218785,Normal,0.54,1
4/5/2024 0:20,S4,77.8122102,99.18940496,42.82553993,25.31136402,9.494355741,Warning,0.76,0
4/5/2024 0:25,S5,80.59269416,113.6695548,25.63167217,43.56586432,6.446902651,Warning,0.7,0
4/5/2024 0:30,S1,74.36933478,103.3925855,22.65154841,15.8130677,12.52972367,Failure,0.79,1
4/5/2024 0:35,S1,83.71803406,113.9514102,40.96846485,30.22786975,5.097765717,Warning,0.54,1
4/5/2024 0:40,S3,66.5409549,114.6726712,31.05041641,12.48165668,4.916978737,Normal,0.72,0
4/5/2024 0:45,S5,75.64326147,115.7268701,32.97038679,12.84622716,8.558538013,Normal,0.59,1
4/5/2024 0:50,S4,98.77649289,117.4990571,20.93447278,32.95463399,5.391040198,Normal,0.99,0
4/5/2024 0:55,S1,70.32533731,102.9295566,27.78729348,32.640737,2.118131454,Normal,0.78,0
4/5/2024 1:00,S4,86.26946658,99.56600455,21.01029212,45.12134051,10.42786785,Normal,0.84,0
4/5/2024 1:05,S1,73.00760257,107.4659624,46.37557318,32.31494703,8.644219679,Normal,0.66,1
4/5/2024 1:10,S1,90.93892503,101.1351727,27.3019005,48.39164082,7.791731588,Normal,0.55,1
4/5/2024 1:15,S1,65.23494643,108.032225,36.72011509,11.94779394,14.57059069,Warning,0.99,0
4/5/2024 1:20,S5,98.7928418,111.1675759,21.16937962,13.92030739,9.425589392,Normal,0.64,1
4/5/2024 1:25,S2,78.15158166,110.6521506,40.00542174,11.76263446,13.22461051,Normal,0.71,0
4/5/2024 1:30,S4,69.44201853,101.2365866,29.69082037,17.41107401,3.812853071,Normal,0.82,0
4/5/2024 1:35,S5,62.93986989,95.00580605,46.93757561,31.65080444,9.399684021,Normal,0.51,1
4/5/2024 1:40,S5,66.7903162,102.9158802,46.64354567,35.82288726,13.28373515,Warning,0.91,0
4/5/2024 1:45,S5,80.79095794,94.27782432,29.75871855,11.82340632,9.580374845,Normal,0.77,0
4/5/2024 1:50,S5,73.48012706,116.7029111,47.02882687,47.83883559,11.33418432,Failure,0.64,1
4/5/2024 1:55,S5,93.15533464,100.3763238,49.8847302,43.68661507,6.836566382,Normal,0.53,1
4/5/2024 2:00,S3,77.23550095,94.63379242,44.76246992,21.86449929,3.201843721,Normal,0.58,1
4/5/2024 2:05,S4,69.9485709,90.7634328,45.34614043,13.08750121,7.952703837,Normal,0.95,0
4/5/2024 2:10,S5,84.68579946,109.3746716,27.47026208,16.79548293,7.128232081,Normal,0.84,0
4/5/2024 2:15,S4,88.27108868,109.1070695,37.30107197,15.07777655,13.27178237,Warning,0.62,1
4/5/2024 2:20,S3,66.68167632,100.218125,22.01767742,14.93135117,5.171938931,Normal,0.53,1
4/5/2024 2:25,S3,66.70476865,92.15135667,22.8475381,30.74246755,14.56754496,Warning,0.85,0
4/5/2024 2:30,S4,61.46685708,102.2888668,49.96677836,19.8338977,14.45579556,Normal,0.79,0
4/5/2024 2:35,S1,89.4560806,99.33652485,29.79917748,24.32558866,5.21921136,Warning,0.7,0
4/5/2024 2:40,S2,86.5521811,110.3136192,42.44551736,49.58021334,6.524675421,Normal,0.68,1
4/5/2024 2:45,S1,78.98523503,108.1733775,44.19995159,37.37256996,13.64222463,Warning,0.61,1
4/5/2024 2:50,S1,93.76681796,100.9378118,45.74069813,47.95922668,14.56608887,Normal,0.83,0
4/5/2024 2:55,S1,92.22680612,96.53677663,49.92884892,15.7022622,7.764708337,Normal,0.99,0
4/5/2024 3:00,S5,83.41417458,119.641079,27.24489456,25.28557899,6.172961593,Normal,0.59,1
4/5/2024 3:05,S3,94.73085122,103.6200486,21.21052481,32.18927213,8.839222172,Failure,0.8,1
4/5/2024 3:10,S1,68.2336484,110.6482271,32.33574554,13.07032248,10.94099968,Normal,0.71,0
4/5/2024 3:15,S3,64.47678478,94.21658903,23.90242009,10.16749775,5.5551687,Normal,0.72,0
4/5/2024 3:20,S4,70.78998446,104.567691,20.67277667,36.81737335,11.57415127,Warning,0.63,1
4/5/2024 3:25,S2,62.28347424,90.8261016,30.81280481,35.67278067,2.671545642,Normal,0.91,0
4/5/2024 3:30,S4,81.24678112,105.1636535,43.51214753,26.4315524,2.640828406,Normal,0.74,0
4/5/2024 3:35,S4,97.46422769,118.9205222,36.98542074,29.58576304,7.021740167,Normal,0.77,0
4/5/2024 3:40,S5,61.57374163,101.5262014,29.38333968,26.61772002,6.595151497,Normal,0.65,1
4/5/2024 3:45,S2,64.88439656,91.16988038,39.63026016,10.96020179,6.1032318,Failure,0.59,1
4/5/2024 3:50,S4,78.08796113,90.92867373,26.96054541,23.41486425,8.383256915,Warning,0.54,1
4/5/2024 3:55,S4,97.3550007,101.6396028,20.43144338,17.08329022,6.16953657,Normal,0.86,0
4/5/2024 4:00,S2,72.6462442,94.80074809,42.93060159,13.93696756,4.49935294,Failure,0.6,1
4/5/2024 4:05,S2,80.28939235,90.70056289,38.71229255,48.26881736,6.023104138,Normal,0.85,0
4/5/2024 4:10,S4,61.66291436,112.6864084,42.86907874,33.974389,14.67375555,Normal,0.7,0
4/5/2024 4:15,S2,65.93372804,103.7556903,21.1681405,39.14625137,7.344474421,Normal,0.71,0
4/5/2024 4:20,S4,99.46520492,98.67734316,45.11358883,22.61454973,7.781266099,Normal,0.73,0
4/5/2024 4:25,S4,98.60474786,117.0024955,38.585786,25.72588518,9.495084869,Normal,0.68,1
4/5/2024 4:30,S5,60.19759924,93.48416881,36.90186052,19.47695976,14.78342999,Failure,0.55,1
4/5/2024 4:35,S1,98.07247142,118.6775649,38.73842144,13.87862684,5.140816594,Warning,0.65,1
4/5/2024 4:40,S4,85.56479751,99.41900152,45.93299741,17.1612655,10.85666744,Normal,0.83,0
4/5/2024 4:45,S3,94.71673178,116.6521102,37.6080952,41.90056181,11.30780102,Normal,0.83,0
4/5/2024 4:50,S1,78.18959423,108.0882863,37.4285114,37.10183221,9.895217418,Warning,0.64,1
4/5/2024 4:55,S1,80.62384114,114.8012208,49.72037471,31.87715504,3.151518415,Failure,0.73,1
4/5/2024 5:00,S1,79.55386321,119.5203949,42.70190501,29.00359491,10.79933959,Warning,0.6,1
4/5/2024 5:05,S5,86.6745703,98.65216313,33.26881416,46.89737135,2.833231243,Normal,0.61,1
4/5/2024 5:10,S4,65.58605019,118.8340646,41.22191,12.90939791,9.749854444,Warning,0.51,1
4/5/2024 5:15,S5,61.19894359,101.6844568,31.67691415,21.22403253,11.6145553,Normal,0.95,0
4/5/2024 5:20,S4,72.31719766,101.5653571,26.86626387,23.99751414,4.742608578,Normal,0.61,1
4/5/2024 5:25,S5,88.18723051,100.2116131,37.90555631,41.29703249,12.9410861,Normal,0.61,1
4/5/2024 5:30,S5,68.07413808,106.2422282,47.84546294,49.70058481,2.394599472,Normal,0.64,1
4/5/2024 5:35,S3,86.93729733,94.6243513,47.8741856,19.62682059,12.96956723,Normal,0.56,1
4/5/2024 5:40,S5,98.79648184,106.6113446,30.25715834,44.97229337,7.984277658,Normal,0.82,0
4/5/2024 5:45,S2,63.75602863,106.2511444,35.83032399,43.22491042,4.828643219,Normal,0.54,1
4/5/2024 5:50,S3,86.90408473,112.8570544,26.34907696,18.98629591,3.739115885,Warning,0.57,1
4/5/2024 5:55,S5,77.75000877,115.0094989,49.86893328,25.97330321,14.39299318,Normal,0.82,0
4/5/2024 6:00,S1,94.72569018,103.2132405,49.43353724,26.38691477,2.944652639,Normal,0.67,1
4/5/2024 6:05,S2,67.08599158,99.06999748,39.48526789,49.12882674,4.588214459,Normal,0.85,0
4/5/2024 6:10,S2,87.70503809,97.78004692,44.13242179,17.23567606,6.521690517,Failure,0.78,1
4/5/2024 6:15,S2,93.52461159,95.8387151,41.45300484,41.96631884,10.06305304,Normal,0.63,1
4/5/2024 6:20,S3,97.78456878,91.72942747,37.79474657,23.36770857,9.082414109,Normal,0.83,0
4/5/2024 6:25,S5,87.32992113,100.2734394,21.60043991,39.23481383,3.633365401,Normal,0.56,1
4/5/2024 6:30,S5,79.88699056,98.10743076,33.64293028,26.80044017,5.766463789,Warning,0.77,0
4/5/2024 6:35,S1,84.71388961,118.9925216,40.24358907,33.13439052,5.103773024,Failure,0.72,1
4/5/2024 6:40,S1,94.75619938,106.7312648,40.32594842,43.30447093,4.776057108,Normal,0.63,1
4/5/2024 6:45,S2,82.82438987,100.4183112,31.19367855,42.1666226,7.344876374,Normal,0.8,0
4/5/2024 6:50,S1,61.21548239,107.414028,48.2507596,44.65692734,11.15240888,Failure,0.94,1
4/5/2024 6:55,S3,97.23794782,94.17590104,25.02071097,12.38469301,4.826888119,Normal,1,0
4/5/2024 7:00,S5,87.58107004,103.3213125,35.01078339,37.68202212,6.766825436,Normal,0.8,0
4/5/2024 7:05,S2,87.06053543,108.7870296,40.7265193,15.59949507,7.081926549,Normal,0.7,0
4/5/2024 7:10,S1,68.6270061,104.666935,40.91407418,26.63274272,14.69393488,Normal,0.61,1
4/5/2024 7:15,S3,86.35541881,102.053364,39.4591687,31.9435366,14.41066264,Normal,0.63,1
4/5/2024 7:20,S3,75.75457623,119.8154517,28.2586464,26.10957939,12.40178858,Normal,0.74,0
4/5/2024 7:25,S1,86.04931908,116.4094429,24.68619706,30.78446703,5.141565971,Normal,0.68,1
4/5/2024 7:30,S5,64.26372121,108.7021787,39.0782098,49.86105235,2.884485083,Failure,0.96,1
4/5/2024 7:35,S1,86.31381218,107.0813208,37.97906348,15.40869255,6.11975379,Normal,0.68,1
4/5/2024 7:40,S2,99.97654903,108.6198144,25.38068031,37.01824181,5.468329143,Warning,0.69,1
4/5/2024 7:45,S1,61.92848155,96.03936323,41.15417437,25.84003866,8.577035402,Normal,0.69,1
4/5/2024 7:50,S3,99.08696737,101.8541323,33.65515975,15.32039196,12.11046283,Normal,0.92,0
4/5/2024 7:55,S1,76.27631843,91.18378599,40.03281775,16.34947053,13.15819821,Normal,0.83,0
4/5/2024 8:00,S5,94.83013801,104.2663811,45.12101239,47.97092425,12.98323311,Failure,0.81,1
4/5/2024 8:05,S4,91.29541936,106.2907375,25.09185286,45.18405987,6.675782296,Warning,0.67,1
4/5/2024 8:10,S1,82.68065044,96.83249208,20.57434604,46.28167842,10.93404646,Normal,0.91,0
4/5/2024 8:15,S5,89.53796837,118.9208654,43.37307759,49.66131103,6.066844568,Warning,0.52,1
4/5/2024 8:20,S5,95.14062245,117.2836383,38.29092275,18.3326156,2.791772062,Normal,0.94,0
4/5/2024 8:25,S3,76.16561287,111.6642971,40.98918709,24.21757349,11.12034845,Failure,0.76,1
4/5/2024 8:30,S5,73.08132646,106.0015989,45.14464925,36.7687612,2.127758183,Warning,0.7,0
4/5/2024 8:35,S5,86.70373542,116.0990748,44.08432804,29.35210159,7.319373637,Failure,0.75,1
4/5/2024 8:40,S5,92.31383768,93.91957031,48.82760441,26.73558134,6.281930501,Normal,0.83,0
4/5/2024 8:45,S5,90.49140539,113.7152938,36.07805237,24.31244997,11.013908,Normal,0.51,1
4/5/2024 8:50,S2,91.91254595,93.74462442,34.65486898,33.75122528,11.96119115,Normal,0.94,0
4/5/2024 8:55,S2,77.42333259,113.8263199,32.056616,33.02373715,5.953230268,Normal,0.72,0
4/5/2024 9:00,S3,92.71336865,98.27302705,24.61073129,16.45831336,12.55115119,Normal,0.67,1
4/5/2024 9:05,S1,64.80836221,116.3127174,37.17821699,28.8695935,5.820917887,Normal,0.57,1
4/5/2024 9:10,S5,81.77956392,118.3212628,28.31037573,32.13887105,7.80224268,Normal,0.72,0
4/5/2024 9:15,S1,60.23034642,94.46387908,47.63922537,32.81147755,11.45124085,Normal,0.75,0
4/5/2024 9:20,S1,72.9834332,103.8802682,37.49572413,18.40428772,11.00796298,Normal,0.7,0
4/5/2024 9:25,S3,74.65846139,119.4296213,37.78520542,39.69085569,14.83579014,Normal,0.84,0
4/5/2024 9:30,S5,75.84690766,104.5022231,30.64773983,11.00796379,4.927093315,Failure,0.71,1
4/5/2024 9:35,S5,87.81868827,115.9064257,21.55968056,24.19327422,10.61013288,Normal,0.98,0
4/5/2024 9:40,S4,75.54232405,107.6619457,20.95231296,41.20850594,9.925864808,Normal,0.8,0
4/5/2024 9:45,S1,77.9477449,101.2598972,32.70005432,32.55571684,13.89627991,Warning,0.9,0
4/5/2024 9:50,S1,69.50176523,98.57350667,22.53696134,20.4464973,4.032707841,Normal,0.55,1
4/5/2024 9:55,S2,74.93007167,96.09669273,38.20540867,37.79812477,11.77337613,Normal,0.7,0
4/5/2024 10:00,S4,69.09078509,112.8539457,46.42919017,32.69563777,9.387492011,Normal,0.67,1
4/5/2024 10:05,S2,62.92783695,101.5962152,46.4874445,41.84974438,5.570656307,Normal,0.78,0
4/5/2024 10:10,S2,84.13794374,105.3382639,39.7713623,39.40100745,8.167653884,Failure,0.93,1
4/5/2024 10:15,S2,86.72851194,104.7697644,26.33695494,34.40431688,6.339095762,Normal,0.54,1
4/5/2024 10:20,S3,84.77961384,107.3183709,45.88990494,29.52710701,9.531074236,Normal,0.54,1
4/5/2024 10:25,S3,78.53976175,115.9673144,46.58280306,15.32728503,13.55700794,Normal,0.93,0
4/5/2024 10:30,S2,75.19143121,119.4221803,25.89960755,20.45332072,9.400964797,Normal,0.61,1
4/5/2024 10:35,S4,94.53334598,102.2275263,42.12278257,26.76397892,10.21239144,Warning,0.83,0
4/5/2024 10:40,S1,80.76327141,114.8255677,28.59558647,33.97197148,8.743722012,Normal,0.77,0
4/5/2024 10:45,S4,79.16727511,112.9358338,44.07920937,30.54831421,2.665151584,Normal,0.92,0
4/5/2024 10:50,S5,61.02568263,107.2058685,49.917137,21.52738104,5.027161239,Normal,0.56,1
4/5/2024 10:55,S3,73.64991311,118.6814143,20.90078016,10.25857431,8.396022483,Normal,0.56,1
4/5/2024 11:00,S1,75.20782475,96.01423547,46.92097597,29.84956888,6.033058689,Normal,0.78,0
4/5/2024 11:05,S1,75.95291124,93.27792631,38.67891601,21.42503954,4.362926771,Warning,0.97,0
4/5/2024 11:10,S5,83.20689477,115.618859,49.20147857,39.38433203,8.553726945,Warning,0.71,0
4/5/2024 11:15,S5,81.34410187,103.1744945,33.95028553,10.95785061,6.196527315,Failure,0.66,1
4/5/2024 11:20,S2,84.31620371,115.4090656,45.42163792,33.39311245,5.355399361,Warning,0.8,0
4/5/2024 11:25,S3,90.59533046,116.7927062,21.87182206,47.6589695,8.031810427,Normal,0.97,0
4/5/2024 11:30,S3,92.51942955,91.87372781,30.0583715,16.97637068,3.732695355,Normal,0.92,0
4/5/2024 11:35,S4,88.72492305,116.5039429,22.01049613,28.86597963,14.06069453,Warning,1,0
4/5/2024 11:40,S2,98.22094784,103.4495717,49.260294,13.65687967,13.28012727,Warning,0.51,1
4/5/2024 11:45,S2,60.72930331,105.3129747,44.50921722,35.02727649,11.19906761,Warning,0.56,1
4/5/2024 11:50,S2,67.83111943,108.7977753,45.57642264,32.02126722,3.380779759,Normal,0.8,0
4/5/2024 11:55,S2,60.302515,117.7914782,48.13895694,26.29462097,12.08640431,Normal,0.91,0
4/5/2024 12:00,S3,85.89898857,90.57348283,22.55310458,30.85508086,12.50344527,Warning,0.64,1
4/5/2024 12:05,S3,95.92122196,104.305304,31.56792778,45.86298634,11.98094003,Warning,0.62,1
4/5/2024 12:10,S2,69.73929186,110.6316613,22.13104667,17.85177209,3.481556533,Failure,0.89,1
4/5/2024 12:15,S4,97.08138179,111.6812087,26.32379305,10.90258047,10.37080344,Normal,0.53,1
4/5/2024 12:20,S1,62.41069561,110.7759729,26.88097331,44.46659539,12.84622234,Normal,0.68,1
4/5/2024 12:25,S1,97.37744107,94.03305388,34.07321633,33.0846833,9.505594216,Normal,0.75,0
4/5/2024 12:30,S4,74.06490749,98.98186765,28.05686502,45.62633822,10.40329588,Warning,0.78,0
4/5/2024 12:35,S2,64.05683314,100.7614658,23.0293432,33.87780894,7.958725233,Normal,0.86,0
4/5/2024 12:40,S3,79.43487037,114.1331162,25.02473267,42.4064436,8.873195158,Normal,0.68,1
4/5/2024 12:45,S1,70.27106271,98.36279617,24.41826691,27.18693453,2.446899159,Failure,0.81,1
4/5/2024 12:50,S5,71.39491608,96.32114892,49.19230394,39.99439725,10.30651929,Normal,0.79,0
4/5/2024 12:55,S5,72.2915986,118.7234406,42.77877521,46.52165868,3.058813768,Warning,0.77,0
4/5/2024 13:00,S4,92.12103591,90.26589855,49.03284396,32.88491855,7.655189726,Normal,0.82,0
4/5/2024 13:05,S2,81.56645107,119.9346257,33.1922146,17.23140602,5.80451627,Warning,0.63,1
4/5/2024 13:10,S1,72.45230797,110.304639,28.35105445,20.7519046,9.090563353,Normal,0.54,1
4/5/2024 13:15,S2,84.41335133,114.854079,43.94879592,17.94578308,3.734412362,Failure,0.56,1
4/5/2024 13:20,S1,88.64602697,98.83858189,29.78761754,19.8742811,10.99136423,Failure,0.61,1
4/5/2024 13:25,S4,70.90496003,90.42945833,28.98150121,22.25661797,12.33514998,Normal,0.75,0
4/5/2024 13:30,S4,76.54196406,112.1360856,26.97517977,32.20535147,4.123607847,Normal,0.92,0
4/5/2024 13:35,S5,64.87544373,115.0243379,23.89036935,33.51966518,3.356070136,Normal,0.85,0
4/5/2024 13:40,S2,67.24597398,112.214284,27.69389183,27.05998989,3.891701276,Normal,0.89,0
4/5/2024 13:45,S5,87.24471416,94.28550862,30.65959245,34.61683119,13.4026583,Warning,0.68,1
4/5/2024 13:50,S2,67.25753391,112.6028377,40.21982624,13.26299702,8.866460403,Normal,0.7,0
4/5/2024 13:55,S5,81.00653535,113.0676835,21.87694527,13.51152948,8.074392948,Normal,0.7,0
4/5/2024 14:00,S3,88.36185047,109.7562155,26.31520819,16.87317841,3.387253648,Normal,0.6,1
4/5/2024 14:05,S3,64.27507692,112.983478,44.27070921,30.72309992,10.44422809,Warning,0.53,1
4/5/2024 14:10,S3,82.69248879,115.3776432,24.40765771,18.55978715,13.28399469,Failure,0.8,1
4/5/2024 14:15,S3,70.26251135,108.4081234,30.2793544,21.33137614,12.7664163,Normal,0.99,0
4/5/2024 14:20,S1,98.51707501,92.65814142,45.93976766,26.01251345,10.13871122,Normal,0.58,1
4/5/2024 14:25,S3,79.34182587,104.6288343,24.64775933,42.47464496,2.978623316,Normal,0.52,1
4/5/2024 14:30,S4,92.23970199,92.32948004,22.48210507,10.55448544,3.461161353,Normal,0.89,0
4/5/2024 14:35,S4,82.00906169,102.2262909,34.53613985,35.97515281,2.641016832,Normal,0.63,1
4/5/2024 14:40,S1,61.73650131,102.2131947,29.07258534,36.75506124,5.347229814,Normal,0.91,0
4/5/2024 14:45,S3,85.32605502,91.98029532,36.90225093,41.94623121,3.763599073,Normal,0.85,0
4/5/2024 14:50,S3,98.05613369,100.464616,44.11414671,47.31011756,5.380624523,Normal,0.97,0
4/5/2024 14:55,S3,84.06447281,93.32994296,24.11445464,10.80551396,7.005754724,Normal,0.7,0
4/5/2024 15:00,S5,92.76755438,114.2470563,37.42097254,16.15134822,14.25877619,Normal,0.83,0
4/5/2024 15:05,S2,95.36825853,118.4306408,35.16526281,45.44685176,9.934888777,Normal,0.73,0
4/5/2024 15:10,S5,69.12319088,92.16949426,24.32236358,28.34074249,12.85465921,Warning,0.82,0
4/5/2024 15:15,S2,68.4817936,118.6534562,38.71995457,32.58362556,11.23456951,Warning,0.72,0
4/5/2024 15:20,S3,84.43923955,105.677298,28.20921254,36.52108815,3.462540697,Normal,0.59,1
4/5/2024 15:25,S3,76.44113879,98.98697034,34.63502956,37.16266418,11.56696528,Normal,0.75,0
4/5/2024 15:30,S5,93.59445211,92.30586226,22.46816973,47.26961613,5.57628546,Warning,0.76,0
4/5/2024 15:35,S5,96.00092494,105.018728,33.78752172,49.8779767,10.30840201,Failure,0.91,1
4/5/2024 15:40,S2,74.13685517,113.8354663,29.19390404,38.80629844,6.432505657,Normal,0.87,0
4/5/2024 15:45,S4,69.47482236,111.2125943,44.67143634,21.48884837,14.96973942,Normal,0.83,0
4/5/2024 15:50,S2,91.22102061,91.50678034,21.70936181,45.19009609,5.426169233,Normal,0.56,1
4/5/2024 15:55,S5,70.99224142,92.18705506,32.55821825,11.96883658,5.62869612,Normal,0.86,0
4/5/2024 16:00,S5,92.90457274,102.0861985,33.75294272,19.24323411,14.09873932,Normal,0.75,0
4/5/2024 16:05,S1,76.94953015,98.85871482,41.75018229,45.8954287,2.32037726,Normal,0.95,0
4/5/2024 16:10,S5,86.70199597,96.97152969,37.22862725,20.24766058,11.05695684,Normal,0.96,0
4/5/2024 16:15,S1,63.82141255,98.43013497,40.01637012,18.82604238,11.42924308,Normal,0.53,1
4/5/2024 16:20,S4,84.95437299,114.1044823,43.31147857,15.52501173,12.87292151,Normal,0.91,0
4/5/2024 16:25,S2,78.07070715,117.8768416,45.86608921,44.36447031,14.66771104,Normal,0.52,1
4/5/2024 16:30,S2,83.46433853,102.1530808,29.4162649,30.00233037,14.68282495,Normal,0.68,1
4/5/2024 16:35,S1,66.72056831,117.1833301,36.14068116,36.99572812,2.848597848,Normal,0.77,0
4/5/2024 16:40,S2,89.4749498,99.64487104,45.20324235,19.56265536,12.6839112,Normal,0.57,1
4/5/2024 16:45,S5,94.5118831,104.2931096,49.68353393,40.32161684,10.40202914,Warning,0.87,0
4/5/2024 16:50,S3,68.669592,96.78086993,46.68557933,40.4002218,10.41544775,Normal,0.5,1
4/5/2024 16:55,S1,63.82858222,109.2142813,31.14401788,22.503921,3.668549046,Warning,0.58,1
4/5/2024 17:00,S2,60.94554344,119.3694335,25.85499552,26.42730532,10.45243316,Failure,0.79,1
4/5/2024 17:05,S1,85.67886002,108.1047929,34.68177612,18.3876111,14.77227355,Normal,0.86,0
4/5/2024 17:10,S1,84.28376144,100.7344225,42.24924356,49.06244093,13.8536414,Normal,0.96,0
4/5/2024 17:15,S3,81.86789651,109.4345234,34.77707212,35.82410308,7.70869859,Normal,0.85,0
4/5/2024 17:20,S5,69.27788384,93.68762035,34.4954259,47.38175523,2.519323653,Warning,0.84,0
4/5/2024 17:25,S1,75.63623984,116.6597724,45.14691263,22.13542175,6.70981537,Failure,0.7,1
4/5/2024 17:30,S2,83.77905341,105.0925185,30.84211337,41.27563652,12.74307405,Warning,0.5,1
4/5/2024 17:35,S4,79.87067435,103.4804923,45.79384024,40.63434576,11.11948832,Normal,0.56,1
4/5/2024 17:40,S1,99.51142081,107.5759437,32.20414403,37.66622607,7.971467523,Normal,0.77,0
4/5/2024 17:45,S1,65.4575901,108.7435159,29.84699317,48.62555901,2.716319957,Normal,0.84,0
4/5/2024 17:50,S3,87.80578216,92.15327419,33.61969734,25.74221344,7.549631462,Normal,0.71,0
4/5/2024 17:55,S5,76.17275072,110.4785166,42.87340876,15.22869294,8.097324216,Normal,0.87,0
4/5/2024 18:00,S4,77.1279846,97.25795041,23.78006084,36.86835437,14.07122193,Normal,0.76,0
4/5/2024 18:05,S2,88.70391063,111.418579,25.89257648,39.17239202,10.33411935,Warning,0.54,1
4/5/2024 18:10,S4,87.69744605,114.6760438,48.54334477,33.00242294,6.051487917,Normal,0.6,1
4/5/2024 18:15,S2,99.65023975,114.1187552,25.26474882,18.27271573,8.829137438,Normal,0.92,0
4/5/2024 18:20,S5,65.13577158,106.575029,37.03181954,30.17823767,2.858719002,Normal,0.86,0
4/5/2024 18:25,S2,64.16438598,105.6050968,37.379434,22.48758946,14.64338706,Warning,0.95,0
4/5/2024 18:30,S3,88.97355269,94.28627884,34.68873386,27.09866113,6.680778725,Warning,0.56,1
4/5/2024 18:35,S3,83.13547668,113.2603845,39.34235746,35.80874303,8.212275614,Normal,1,0
4/5/2024 18:40,S3,70.96642666,98.14228141,26.89480177,39.80858971,6.618691665,Normal,0.6,1
4/5/2024 18:45,S3,63.17677476,104.9008627,36.57986803,19.28898764,10.87265249,Normal,0.51,1
4/5/2024 18:50,S4,63.42632998,98.52822279,31.16519766,26.21301443,10.60901806,Failure,1,1
4/5/2024 18:55,S5,95.76763499,94.01485089,39.85001779,20.76646284,11.29919004,Normal,0.64,1
4/5/2024 19:00,S2,67.67469299,108.8867309,24.2367063,17.94526455,5.485861985,Normal,0.83,0
4/5/2024 19:05,S2,72.93486248,91.62996104,37.12632251,41.3354888,6.103690255,Normal,0.59,1
4/5/2024 19:10,S3,69.06625609,112.459357,25.55811066,46.37010778,3.628266004,Normal,0.79,0
4/5/2024 19:15,S3,74.19985223,99.52760386,28.35929189,24.80928743,10.52162963,Warning,0.95,0
4/5/2024 19:20,S1,62.77695371,90.00404079,26.56129401,40.05115697,2.517362655,Normal,0.66,1
4/5/2024 19:25,S5,80.76239164,105.3338742,25.4851334,45.87981157,9.769870362,Normal,0.84,0
4/5/2024 19:30,S4,62.70450254,91.40555726,44.77132855,43.84496842,13.3060465,Normal,0.59,1
4/5/2024 19:35,S2,92.01426031,98.28508673,28.57122703,17.31253554,13.58081793,Normal,0.81,0
4/5/2024 19:40,S1,69.34848328,111.2092946,47.81371346,48.25167526,7.837490885,Failure,0.67,1
4/5/2024 19:45,S1,81.60047658,91.88068865,49.09779576,25.06705762,7.970947947,Normal,0.61,1
4/5/2024 19:50,S2,95.2031635,115.1801548,37.1378141,23.56962645,3.000599379,Warning,0.66,1
4/5/2024 19:55,S4,86.03509476,90.11459768,24.29003368,12.49725309,10.71994533,Warning,0.59,1
4/5/2024 20:00,S1,81.31831146,97.40471608,31.2364473,29.44694616,12.67637246,Normal,0.95,0
4/5/2024 20:05,S1,72.97335012,112.2271217,43.9319679,14.36054463,5.18051571,Normal,0.7,0
4/5/2024 20:10,S5,73.32007652,99.48810449,31.02172186,19.94159284,7.476911461,Normal,0.62,1
4/5/2024 20:15,S4,86.77947821,93.05677164,22.61051655,22.67770487,12.90491138,Warning,0.72,0
4/5/2024 20:20,S1,99.76557445,100.8070176,36.70354733,42.35305294,13.40256608,Normal,0.66,1
4/5/2024 20:25,S4,86.47356759,98.11179859,45.35362554,45.01954602,5.161339743,Normal,0.87,0
4/5/2024 20:30,S2,82.31133669,115.2813571,43.87779161,22.0986527,9.157418249,Normal,0.99,0
4/5/2024 20:35,S3,89.22602041,99.40043753,25.2536942,44.34792485,4.502410958,Warning,0.72,0
4/5/2024 20:40,S1,78.60822449,113.6679742,40.18293843,44.28923749,3.324423934,Normal,0.93,0
4/5/2024 20:45,S5,62.4056937,116.7561643,26.6151279,40.58603802,13.84456652,Normal,0.78,0
4/5/2024 20:50,S2,82.49187264,103.0145226,26.54622604,15.86780456,12.66659756,Normal,0.58,1
4/5/2024 20:55,S4,98.30501138,117.2982943,46.2221532,37.61291388,11.88045372,Normal,0.85,0
4/5/2024 21:00,S2,67.01211769,101.3195416,27.49006858,47.80096258,2.633962145,Warning,0.76,0
4/5/2024 21:05,S1,87.60019563,118.9223525,27.8974204,37.30161915,12.96847431,Normal,0.83,0
4/5/2024 21:10,S4,68.03734755,92.67868574,20.01960172,23.26467396,7.694572987,Warning,0.94,0
4/5/2024 21:15,S3,81.43310738,110.610578,46.12007102,30.0231727,6.451136603,Normal,0.72,0
4/5/2024 21:20,S2,63.86705799,104.8144212,43.7778444,35.82900173,9.104192693,Normal,0.95,0
4/5/2024 21:25,S1,78.01483745,101.6294642,38.81986805,30.42281635,3.187592155,Normal,0.88,0
4/5/2024 21:30,S5,90.24653316,108.9813564,42.50797292,14.79811767,11.83640514,Normal,0.74,0
4/5/2024 21:35,S4,73.90286097,111.1157127,24.56145702,22.48256179,9.571656,Normal,0.8,0
4/5/2024 21:40,S2,86.59646898,90.13089809,33.74970784,42.09584122,4.425671259,Normal,0.66,1
4/5/2024 21:45,S2,91.81799843,95.00859266,30.53658162,44.45672184,4.447018597,Normal,0.99,0
4/5/2024 21:50,S3,97.08711278,111.3913815,22.81329579,15.49200131,4.39523247,Normal,0.83,0
4/5/2024 21:55,S3,69.38568327,109.9915624,34.58391456,48.0954701,2.741031038,Normal,0.52,1
4/5/2024 22:00,S5,75.97263663,118.9814252,47.62218951,23.15290471,9.641379842,Failure,0.66,1
4/5/2024 22:05,S5,66.09664053,112.8311337,21.20177357,36.49254955,12.92452631,Normal,0.81,0
4/5/2024 22:10,S1,99.69934009,118.5231812,28.7438274,40.07300584,2.227476782,Normal,0.53,1
4/5/2024 22:15,S1,97.08003872,111.076215,26.22622809,42.47784939,2.637060385,Normal,0.51,1
4/5/2024 22:20,S5,81.59828521,98.94156626,27.14439961,47.82998809,9.446013597,Warning,0.73,0
4/5/2024 22:25,S5,93.68133178,93.16094767,47.25303656,22.51678192,12.65344391,Warning,0.67,1
4/5/2024 22:30,S4,80.83831909,113.4547159,34.04207163,44.34025818,6.247605577,Normal,0.72,0
4/5/2024 22:35,S3,84.94342752,109.3244766,33.98898239,15.26747614,6.544987185,Warning,0.63,1
4/5/2024 22:40,S1,63.56497728,91.44558037,42.81726927,38.20163625,9.752504467,Normal,0.58,1
4/5/2024 22:45,S3,90.21081682,100.801514,24.63476612,39.67910918,5.564767559,Normal,0.84,0
4/5/2024 22:50,S3,65.10853935,118.7039945,34.61796062,37.10892965,2.345908759,Warning,0.76,0
4/5/2024 22:55,S5,93.04270521,105.0120344,32.89955642,20.09258945,11.55797074,Warning,0.6,1
4/5/2024 23:00,S4,91.28112351,102.9818741,37.90732072,44.92172588,10.13344887,Normal,0.66,1
4/5/2024 23:05,S2,88.34978791,103.7309882,49.9867311,16.75433853,9.549827988,Warning,0.8,0
4/5/2024 23:10,S4,61.44641522,96.26648172,43.08346682,12.14539166,11.64189368,Normal,0.54,1
4/5/2024 23:15,S4,72.12513424,101.0612151,31.93597109,38.69859962,10.77800089,Warning,0.57,1
4/5/2024 23:20,S3,70.5245028,101.0943977,44.82659157,29.01902861,4.676465846,Normal,0.54,1
4/5/2024 23:25,S4,74.4054563,91.57065061,25.1212509,43.9639208,6.58225361,Normal,0.91,0
4/5/2024 23:30,S1,63.50570987,113.0270289,20.91391059,25.33588564,3.639431842,Normal,0.88,0
4/5/2024 23:35,S3,97.47831292,102.495133,26.13345117,16.73114354,3.688141174,Normal,0.88,0
4/5/2024 23:40,S1,82.15208963,114.6653966,30.21234668,43.4576877,10.7905447,Normal,0.86,0
4/5/2024 23:45,S2,72.22097243,115.51044,35.31742272,31.95638527,13.16180139,Normal,0.83,0
4/5/2024 23:50,S3,75.87926068,96.35982164,38.45387422,17.5678317,14.51552359,Normal,0.74,0
4/5/2024 23:55,S2,77.88810162,109.7206045,47.31817152,38.81535994,10.16851253,Normal,0.82,0
4/6/2024 0:00,S3,84.02377333,104.1684541,35.29562029,30.44454554,4.393317204,Normal,0.52,1
4/6/2024 0:05,S5,80.62717711,116.4047021,35.03826934,34.17251929,3.373454491,Normal,0.81,0
4/6/2024 0:10,S4,96.77567893,96.47222038,21.50729029,28.43593353,12.56706263,Normal,0.89,0
4/6/2024 0:15,S5,79.87853932,110.334396,21.04734658,43.14835935,9.523834193,Warning,0.75,0
4/6/2024 0:20,S2,99.68632059,108.2325637,36.53479886,43.18250863,10.03770527,Warning,0.68,1
4/6/2024 0:25,S4,94.05699831,98.85904433,33.1453584,38.37555287,12.15900715,Warning,0.64,1
4/6/2024 0:30,S3,68.34042057,94.09802711,45.17541185,14.2160551,11.14260396,Normal,0.82,0
4/6/2024 0:35,S4,97.22380859,109.5491928,24.82038754,43.55415448,12.84795729,Warning,0.85,0
4/6/2024 0:40,S1,64.65465592,112.1579237,20.74914986,36.84051922,2.730780771,Normal,0.94,0
4/6/2024 0:45,S4,92.69798834,99.46882031,33.47116304,37.88096664,11.71776828,Normal,0.67,1
4/6/2024 0:50,S1,75.22493174,109.3449781,27.1243567,24.51931362,13.06108585,Normal,0.88,0
4/6/2024 0:55,S4,95.11897282,101.8539272,21.4884312,45.17118225,5.719755552,Warning,0.78,0
4/6/2024 1:00,S1,94.7222676,111.3962065,41.73794861,39.01486401,10.32581456,Normal,0.94,0
4/6/2024 1:05,S2,92.237016,95.97645825,23.34779,14.50361866,6.08410683,Normal,0.76,0
4/6/2024 1:10,S5,91.60121745,116.7064501,38.249585,26.31112138,14.45362386,Normal,0.76,0
4/6/2024 1:15,S3,72.18716556,98.62228789,28.43149251,45.45521448,2.434506442,Warning,0.79,0
4/6/2024 1:20,S4,63.23677132,101.0335796,25.20488151,11.88786807,9.53730697,Normal,0.87,0
4/6/2024 1:25,S5,76.11920715,91.74275856,31.39254569,48.45666479,4.164546112,Normal,0.98,0
4/6/2024 1:30,S3,66.9409806,93.34536637,44.04337329,37.16650273,11.25886267,Normal,0.54,1
4/6/2024 1:35,S3,87.79804356,105.4758571,31.76280731,35.25503911,4.286573684,Normal,0.53,1
4/6/2024 1:40,S1,73.84398906,98.0277803,42.52308948,20.82237026,5.059982405,Normal,0.97,0
4/6/2024 1:45,S2,99.02440803,115.0644068,23.7645889,19.95167155,8.426820544,Normal,0.76,0
4/6/2024 1:50,S2,85.63888309,90.44080166,43.18314259,47.68232878,13.89285435,Warning,0.81,0
4/6/2024 1:55,S5,92.89922255,101.3728215,27.10799975,21.93089817,4.752286838,Normal,0.74,0
4/6/2024 2:00,S2,65.30098691,100.1203664,40.3217939,41.02021187,3.875120275,Normal,0.55,1
4/6/2024 2:05,S4,94.48057929,90.57982893,36.97344665,25.72487193,11.86669881,Normal,0.88,0
4/6/2024 2:10,S2,96.91028762,93.73105197,47.87434152,15.57016283,8.50805392,Normal,0.87,0
4/6/2024 2:15,S5,79.48247675,102.4092802,31.61967554,10.42861191,13.85320646,Normal,0.66,1
4/6/2024 2:20,S2,84.25011751,104.7859375,21.98495567,31.77029348,3.905989243,Normal,0.65,1
4/6/2024 2:25,S4,90.59239204,102.1286924,20.57466457,49.03115274,10.39706261,Normal,0.92,0
4/6/2024 2:30,S1,66.99354509,105.9281304,44.80575683,24.76544775,5.0274289,Warning,0.54,1
4/6/2024 2:35,S5,80.10264306,107.8539502,35.74206913,24.28769336,4.037885572,Normal,0.94,0
4/6/2024 2:40,S1,75.94652111,90.29771463,43.25732156,23.76366471,10.8845824,Normal,0.63,1
4/6/2024 2:45,S1,65.85495969,103.9228548,27.032768,30.82175349,9.717900059,Warning,0.8,0
4/6/2024 2:50,S1,74.70137689,118.9049772,30.35251237,27.62659534,11.81275696,Normal,0.97,0
4/6/2024 2:55,S3,62.72689238,105.5709684,20.90311617,45.19658507,6.023013494,Warning,0.84,0
4/6/2024 3:00,S3,61.03247628,110.326268,48.84476974,30.22083167,7.823631533,Normal,0.71,0
4/6/2024 3:05,S1,65.40665157,99.35591574,40.0360372,30.31031353,7.271131792,Normal,0.84,0
4/6/2024 3:10,S5,98.52460446,113.2197413,47.99615263,15.53486379,14.79316303,Warning,0.67,1
4/6/2024 3:15,S4,81.98118144,113.1876445,27.96489222,49.30958164,5.799236438,Normal,0.64,1
4/6/2024 3:20,S4,98.63288645,105.6388814,38.34390834,19.99891563,5.832624099,Normal,1,0
4/6/2024 3:25,S2,77.29991513,119.2804147,40.35499905,12.9345627,6.609126715,Warning,0.88,0
4/6/2024 3:30,S5,72.47264532,93.76650644,29.52649101,36.52584996,9.339723057,Normal,0.82,0
4/6/2024 3:35,S3,80.24567451,90.50842995,45.44327705,33.81465481,5.280195675,Normal,0.68,1
4/6/2024 3:40,S1,77.58046755,113.1047464,48.41484389,26.60582616,13.89876922,Normal,0.52,1
4/6/2024 3:45,S2,64.22658737,114.2146661,46.54565353,26.88768936,5.453912343,Warning,0.52,1
4/6/2024 3:50,S4,85.63305259,93.60621687,42.17200928,41.40255684,13.64560451,Failure,0.78,1
4/6/2024 3:55,S3,68.6415273,97.96748499,28.32394039,17.8285056,3.345175827,Normal,0.88,0
4/6/2024 4:00,S3,84.7835182,90.5265709,28.44848126,42.81013276,10.53531513,Normal,0.77,0
4/6/2024 4:05,S1,86.0080437,98.79925832,48.90080961,35.94988456,13.79081174,Failure,0.92,1
4/6/2024 4:10,S4,66.08099413,113.1942562,20.30853488,26.75879095,4.193742699,Normal,0.52,1
4/6/2024 4:15,S5,62.45398508,105.5388158,41.4814992,28.32114466,14.58825048,Normal,0.68,1
4/6/2024 4:20,S3,91.23046344,100.4428678,41.18738488,20.26588829,7.887483685,Warning,0.62,1
4/6/2024 4:25,S1,78.39201695,101.1521788,38.68068623,40.08457331,14.29429641,Warning,0.72,0
4/6/2024 4:30,S5,62.32655182,90.04060877,49.70326538,30.51498969,10.79866057,Warning,0.54,1
4/6/2024 4:35,S4,99.79465269,98.99401583,29.35638307,22.83418171,5.920629308,Normal,0.98,0
4/6/2024 4:40,S3,62.31122244,109.3937622,30.19915591,33.84200463,4.447932824,Normal,0.61,1
4/6/2024 4:45,S5,87.80140915,119.2258333,22.36818209,49.82937808,5.948555601,Normal,0.96,0
4/6/2024 4:50,S5,99.34715701,115.4118248,33.2839441,27.41049119,3.20922632,Normal,0.71,0
4/6/2024 4:55,S5,69.56720417,90.70784894,27.83145579,46.82765603,3.870283562,Normal,0.99,0
4/6/2024 5:00,S3,65.68997475,116.9568181,30.30160107,23.8006736,3.360585725,Warning,0.78,0
4/6/2024 5:05,S3,64.85539758,113.4959524,45.03715371,12.18930828,7.498266069,Normal,0.97,0
4/6/2024 5:10,S2,72.1310059,113.4112837,48.06453541,18.16968425,12.34251889,Warning,0.5,1
4/6/2024 5:15,S4,64.04183244,103.7398728,25.57199216,26.74780573,3.837986205,Normal,0.87,0
4/6/2024 5:20,S1,87.68645367,101.9401588,31.17526795,18.78539714,3.694165631,Normal,0.95,0
4/6/2024 5:25,S5,62.49167193,99.08747186,47.85891686,10.00908153,10.36457634,Normal,0.57,1
4/6/2024 5:30,S2,80.37688513,91.97084577,21.85425382,46.60006151,4.563378766,Normal,0.55,1
4/6/2024 5:35,S1,99.86787415,96.8470609,22.77081584,43.75517645,3.268930495,Normal,0.71,0
4/6/2024 5:40,S2,92.55881078,97.39810905,24.88372968,39.69168926,4.169031517,Failure,0.97,1
4/6/2024 5:45,S3,84.60877753,104.5223121,37.85638502,16.71258383,14.00850815,Warning,0.77,0
4/6/2024 5:50,S5,72.25014483,112.4233322,24.51416813,14.81454305,12.67912629,Normal,0.76,0
4/6/2024 5:55,S1,84.95583345,104.2142949,49.04229144,12.70418998,6.602839311,Normal,0.57,1
4/6/2024 6:00,S1,81.08165856,91.73533348,33.40143582,38.96116755,10.52566998,Failure,0.5,1
4/6/2024 6:05,S1,77.04333536,118.733694,35.04553881,47.15231843,8.984583758,Normal,0.91,0
4/6/2024 6:10,S1,65.22841507,118.2817296,27.39975847,27.22143284,10.80261543,Normal,0.54,1
4/6/2024 6:15,S1,95.46416861,113.5556863,34.12880757,14.76562688,10.87472498,Normal,0.82,0
4/6/2024 6:20,S2,77.99138595,119.739837,39.85740898,30.49571283,10.1735422,Failure,0.96,1
4/6/2024 6:25,S5,67.78490047,106.33447,42.53531411,23.9532763,5.459317791,Normal,0.6,1
4/6/2024 6:30,S3,74.71037404,118.8830505,42.61604248,24.99299697,2.50708347,Normal,0.83,0
4/6/2024 6:35,S3,76.5651901,92.26815122,37.33673338,34.85322497,7.922368166,Failure,0.54,1
4/6/2024 6:40,S3,93.10151582,100.9704224,47.13079325,38.74872453,13.5826605,Normal,0.8,0
4/6/2024 6:45,S3,89.34457522,96.76143804,44.52223542,14.42414395,9.403464361,Normal,0.58,1
4/6/2024 6:50,S2,90.77219575,95.87499252,42.71144344,11.42360923,12.82108354,Normal,0.87,0
4/6/2024 6:55,S4,60.44125058,94.22408847,21.66816565,49.77321211,14.89111646,Warning,0.65,1
4/6/2024 7:00,S5,76.64615993,108.6724092,20.20633887,19.30913396,4.127010654,Normal,0.73,0
4/6/2024 7:05,S1,79.25376607,113.4396557,26.37341832,12.153221,10.99310931,Failure,0.8,1
4/6/2024 7:10,S4,60.76769107,107.348952,39.90570782,17.59501316,10.76581646,Normal,0.59,1
4/6/2024 7:15,S3,70.39252835,94.40888129,32.33592467,11.55831385,14.73942082,Normal,0.87,0
4/6/2024 7:20,S4,90.41159292,114.3337131,32.07218778,25.67243578,14.81280954,Failure,0.65,1
4/6/2024 7:25,S5,65.48438823,109.0786412,46.53760665,42.09607138,10.92682195,Normal,0.83,0
4/6/2024 7:30,S1,81.41240526,101.6449712,46.86688544,23.64977799,5.166992296,Normal,0.58,1
4/6/2024 7:35,S1,68.60807488,110.2239089,47.27525792,27.76733628,12.3812259,Normal,0.84,0
4/6/2024 7:40,S5,60.48483099,97.79714938,29.4163423,37.02347094,3.391378745,Normal,0.56,1
4/6/2024 7:45,S5,69.6480583,100.3557663,40.73167438,30.3557628,12.14909095,Normal,0.71,0
4/6/2024 7:50,S3,99.0349502,117.5245753,28.14899544,44.45782744,13.83254961,Normal,0.62,1
4/6/2024 7:55,S1,92.06148448,98.71513517,25.71829499,44.641427,6.976834132,Normal,0.87,0
4/6/2024 8:00,S4,98.38306577,104.099648,25.53897372,10.39642782,10.19825883,Warning,0.63,1
4/6/2024 8:05,S2,79.51416176,116.7042341,30.26322863,41.12185226,7.591855517,Normal,0.94,0
4/6/2024 8:10,S2,64.38944795,111.2316405,32.89872859,28.42934401,7.690945715,Failure,0.95,1
4/6/2024 8:15,S5,81.91837956,91.86609678,44.92847513,49.55362165,6.034821558,Normal,0.6,1
4/6/2024 8:20,S3,78.17509338,94.41909133,23.5967328,29.32928304,11.90768507,Normal,0.81,0
4/6/2024 8:25,S2,93.77428331,90.23524772,42.04777542,49.47583782,14.17029533,Normal,0.54,1
4/6/2024 8:30,S1,63.92330323,108.9276537,35.94364743,40.18277445,14.22976117,Normal,0.7,0
4/6/2024 8:35,S5,79.52964548,103.4302028,28.63836028,19.94419538,4.272156703,Normal,0.86,0
4/6/2024 8:40,S4,66.00194659,94.02824553,34.78458754,31.53579917,13.37166745,Warning,0.83,0
4/6/2024 8:45,S5,72.98703708,118.7380236,28.99826209,49.68542558,11.58660874,Failure,0.81,1
4/6/2024 8:50,S4,89.4942831,105.8897917,37.88245866,44.30122431,5.286886209,Failure,0.64,1
4/6/2024 8:55,S5,79.04072517,97.25679882,33.01531769,13.89467575,2.874699968,Normal,0.69,1
4/6/2024 9:00,S5,75.03553141,105.0181071,24.93216587,38.25487987,5.483964469,Warning,0.55,1
4/6/2024 9:05,S5,75.77905114,110.38861,23.49749224,23.82318343,13.85870708,Normal,0.86,0
4/6/2024 9:10,S4,78.37787074,92.28717654,36.40087046,10.27929048,10.23132277,Normal,0.75,0
4/6/2024 9:15,S4,91.40066175,98.24111445,47.072391,26.13923876,11.37371059,Warning,0.85,0
4/6/2024 9:20,S5,95.68338756,114.2089647,30.3187306,19.39017687,5.342980564,Normal,0.62,1
4/6/2024 9:25,S2,98.21338746,103.7899461,41.99000322,42.75477082,11.35204602,Normal,0.66,1
4/6/2024 9:30,S3,91.47613545,106.3973143,39.75984065,23.49322435,2.365579582,Normal,0.67,1
4/6/2024 9:35,S3,72.61627583,102.9844801,47.94664743,43.10094776,6.879177495,Normal,0.51,1
4/6/2024 9:40,S3,87.52538824,91.31699828,44.62943052,10.02391755,10.14779353,Warning,0.67,1
4/6/2024 9:45,S4,77.50412496,94.97249339,36.99815777,22.312766,3.899255352,Normal,0.9,0
4/6/2024 9:50,S4,70.18682488,103.3662492,39.71091495,19.64660857,12.69904647,Failure,0.95,1
4/6/2024 9:55,S2,93.63486318,96.27556396,46.951594,19.34269444,5.055406885,Normal,0.76,0
4/6/2024 10:00,S3,61.53705396,91.49937086,31.98556354,12.72746479,10.47965447,Normal,0.73,0
4/6/2024 10:05,S3,96.07047969,115.3094899,29.80384118,17.48497082,7.267562853,Normal,0.52,1
4/6/2024 10:10,S5,78.45909858,119.4357759,20.32433251,32.2219828,9.748566741,Normal,0.94,0
4/6/2024 10:15,S4,85.48805907,113.7942862,44.79653223,21.65444291,3.396857184,Normal,0.51,1
4/6/2024 10:20,S3,86.37415689,115.6135477,44.02942101,26.69579129,2.219866399,Warning,0.97,0
4/6/2024 10:25,S2,95.80470963,97.25931391,23.13363554,25.07467521,13.82433756,Warning,0.74,0
4/6/2024 10:30,S2,85.46678729,118.8188093,37.30572143,45.036197,5.505190114,Failure,0.67,1
4/6/2024 10:35,S3,84.55734339,95.90777113,33.91945095,46.21195996,12.65580104,Warning,0.96,0
4/6/2024 10:40,S4,62.66608162,118.5428943,23.56127287,29.71827887,14.99155391,Warning,0.51,1
4/6/2024 10:45,S2,80.73632088,119.8445788,49.41704681,23.20623801,4.748606354,Normal,0.79,0
4/6/2024 10:50,S5,66.00676003,111.3516842,26.44087662,14.27202816,5.447219635,Warning,0.77,0
4/6/2024 10:55,S2,89.49735075,119.434312,22.0170254,48.13611518,10.61717724,Normal,0.61,1
4/6/2024 11:00,S1,80.48887683,107.0861934,37.84542139,12.4090778,14.55083225,Normal,0.71,0
4/6/2024 11:05,S1,87.20911117,97.7862535,42.16600031,21.9060111,13.90558653,Normal,0.83,0
4/6/2024 11:10,S4,61.66691602,103.1098766,20.97330338,21.92264805,8.537381761,Normal,0.86,0
4/6/2024 11:15,S3,63.39168064,107.8068281,39.76152916,22.81605145,12.33643367,Normal,0.5,1
